time,close,high,low,open,volumefrom,volumeto,coin_name,coin_symbol,market_cap,volume
2022-03-01 22:00:00,44179.19,44224.42,43810.26,43870.9,745.42,32819655.77,Bitcoin,BTC,1449945807997.4263,32818910.349999998
2022-03-01 23:00:00,44428.47,44516.52,44099.59,44179.19,1391.79,61663309.18,Bitcoin,BTC,2739606482004.3545,61661917.39
2022-03-02 22:00:00,44111.34,44298.74,43931.7,44073.06,775.88,34239031.34,Bitcoin,BTC,1510329552709.3958,34238255.46
2022-03-02 23:00:00,43935.37,44204.46,43886.38,44111.34,475.85,20955632.85,Bitcoin,BTC,920693482848.9047,20955157.0
2022-03-03 22:00:00,42517.14,42698.66,42114.13,42122.8,1383.09,58771475.27,Bitcoin,BTC,2498795042061.128,58770092.18
2022-03-03 23:00:00,42474.37,42611.14,42420.64,42517.14,591.19,25127360.66,Bitcoin,BTC,1067268813796.2843,25126769.47
2022-03-04 22:00:00,39035.67,39457.07,38621.24,39395.86,2176.63,84771385.89,Bitcoin,BTC,3309107845044.6963,84769209.26
2022-03-04 23:00:00,39154.4,39248.16,38897.56,39035.67,1132.79,44279545.01,Bitcoin,BTC,1733739017139.544,44278412.22
2022-03-05 22:00:00,39466.3,39479.1,39290.98,39372.15,964.57,37953948.46,Bitcoin,BTC,1497901916106.8982,37952983.89
2022-03-05 23:00:00,39407.02,39468.3,39337.11,39466.3,387.57,15265152.25,Bitcoin,BTC,601554160018.7949,15264764.68
2022-03-06 22:00:00,38972.92,39199.41,38926.28,39010.04,571.7,22340302.23,Bitcoin,BTC,870666811585.6116,22339730.53
2022-03-06 23:00:00,38428.92,39017.25,38301.43,38972.92,2167.61,83328802.82,Bitcoin,BTC,3202235897265.554,83326635.21
2022-03-07 22:00:00,38212.99,38466.5,37805.19,37849.04,1649.05,62877473.07,Bitcoin,BTC,2402736249649.179,62875824.02
2022-03-07 23:00:00,38030.63,38480.77,37913.31,38212.99,1416.39,54103881.55,Bitcoin,BTC,2057604700791.8762,54102465.16
2022-03-08 22:00:00,38594.87,38638.77,38505.9,38518.09,338.18,13046638.12,Bitcoin,BTC,503533302178.4444,13046299.94
2022-03-08 23:00:00,38748.52,38788.86,38562.73,38594.87,538.61,20847363.78,Bitcoin,BTC,807804492376.6056,20846825.17
2022-03-09 22:00:00,41907.6,42071.55,41816.6,41890.89,920.74,38564573.66,Bitcoin,BTC,1616148727113.8157,38563652.919999994
2022-03-09 23:00:00,41962.85,42122.09,41839.41,41907.6,646.12,27129967.88,Bitcoin,BTC,1138450772653.2578,27129321.759999998
2022-03-10 22:00:00,39462.69,39481.27,39173.58,39342.29,588.38,23123557.08,Bitcoin,BTC,912517764745.3452,23122968.7
2022-03-10 23:00:00,39443.42,39595.57,39416.93,39462.69,631.35,24938291.88,Bitcoin,BTC,983651520705.4296,24937660.529999997
2022-03-11 22:00:00,38916.77,39103.99,38856.55,38856.55,638.53,24875226.06,Bitcoin,BTC,968063451275.0261,24874587.529999997
2022-03-11 23:00:00,38741.03,38940.17,38741.02,38916.77,542.5,21068999.64,Bitcoin,BTC,816234747123.2292,21068457.14
2022-03-12 22:00:00,39111.04,39168.73,39041.37,39095.24,236.08,9230039.56,Bitcoin,BTC,360996446432.74243,9229803.48
2022-03-12 23:00:00,38805.53,39166.06,38803.62,39111.04,764.38,29762852.92,Bitcoin,BTC,1154963281872.6477,29762088.540000003
2022-03-13 22:00:00,37915.22,38816.02,37820.92,38739.43,3402.69,129787532.12,Bitcoin,BTC,4920922833586.867,129784129.43
2022-03-13 23:00:00,37796.31,37915.22,37633.11,37915.22,1793.14,67740884.14,Bitcoin,BTC,2560355456629.5234,67739091.0
2022-03-14 22:00:00,39491.34,39794.47,38721.63,38739.24,3821.07,150309270.06,Bitcoin,BTC,5935914489091.28,150305448.99
2022-03-14 23:00:00,39696.28,39802.89,39450.35,39491.34,1578.37,62520327.37,Bitcoin,BTC,2481824420971.1836,62518749.0
2022-03-15 22:00:00,39499.16,39859.45,39444.27,39672.25,1086.38,43058448.99,Bitcoin,BTC,1700772566007.8486,43057362.61
2022-03-15 23:00:00,39314.86,39566.9,39311.38,39499.16,782.12,30801401.33,Bitcoin,BTC,1210952781092.7637,30800619.209999997
2022-03-16 22:00:00,40912.49,41221.83,40902.24,41123.68,901.77,37040126.04,Bitcoin,BTC,1515403786210.2395,37039224.269999996
2022-03-16 23:00:00,41133.64,41190.54,40811.23,40912.49,1201.58,49254693.65,Bitcoin,BTC,2026024836909.386,49253492.07
2022-03-17 22:00:00,41009.55,41047.58,40898.99,41010.06,960.23,39339041.06,Bitcoin,BTC,1613276371302.1233,39338080.830000006
2022-03-17 23:00:00,40956.79,41020.74,40921.48,41009.55,704.21,28850339.07,Bitcoin,BTC,1181617278718.7854,28849634.86
2022-03-18 22:00:00,41729.26,41860.68,41679.86,41826.66,653.48,27282439.01,Bitcoin,BTC,1138475990882.4326,27281785.53
2022-03-18 23:00:00,41790.97,41895.85,41722.85,41729.26,507.2,21213495.63,Bitcoin,BTC,886532559468.461,21212988.43
2022-03-19 22:00:00,41927.34,42171.49,41761.35,42154.73,1429.4,59877730.14,Bitcoin,BTC,2510513950008.0273,59876300.74
2022-03-19 23:00:00,42235.02,42287.55,41924.49,41927.34,841.87,35492623.83,Bitcoin,BTC,1499031677312.5264,35491781.96
2022-03-20 22:00:00,41389.96,41408.12,41156.77,41355.61,659.83,27232378.8,Bitcoin,BTC,1127147069236.848,27231718.970000003
2022-03-20 23:00:00,41243.16,41455.96,41198.13,41389.96,486.73,20109660.36,Bitcoin,BTC,829385939773.1377,20109173.63
2022-03-21 22:00:00,41179.36,41382.72,41174.15,41310.82,811.27,33460727.18,Bitcoin,BTC,1377891330407.005,33459915.91
2022-03-21 23:00:00,41043.9,41179.68,40976.0,41179.36,602.49,24742114.55,Bitcoin,BTC,1015512875378.7451,24741512.060000002
2022-03-22 22:00:00,42537.72,42851.87,42493.14,42837.08,825.37,35176223.31,Bitcoin,BTC,1496316337818.2534,35175397.940000005
2022-03-22 23:00:00,42380.11,42546.95,42306.49,42537.72,762.43,32324126.94,Bitcoin,BTC,1369900055371.1636,32323364.51
2022-03-23 22:00:00,42513.16,42572.33,42364.66,42411.98,584.11,24810977.18,Bitcoin,BTC,1054793042609.6888,24810393.07
2022-03-23 23:00:00,42904.1,43021.74,42423.89,42513.16,1841.25,78783212.24,Bitcoin,BTC,3380122816266.1836,78781370.99
2022-03-24 22:00:00,43977.12,44120.81,43939.68,44052.6,689.61,30357590.49,Bitcoin,BTC,1335039399889.5889,30356900.88
2022-03-24 23:00:00,44006.77,44019.71,43898.3,43977.12,668.39,29384401.67,Bitcoin,BTC,1293112605879.306,29383733.28
2022-03-25 22:00:00,44315.83,44554.99,44286.59,44553.26,586.34,26025863.94,Bitcoin,BTC,1153357761968.1704,26025277.6
2022-03-25 23:00:00,44331.36,44403.13,44259.34,44315.83,394.0,17466088.37,Bitcoin,BTC,774295451322.2832,17465694.37
2022-03-26 22:00:00,44397.69,44539.44,44393.2,44467.45,541.76,24093531.16,Bitcoin,BTC,1069697127447.0205,24092989.4
2022-03-26 23:00:00,44542.31,44587.81,44388.8,44397.69,403.54,17954457.51,Bitcoin,BTC,799733012292.2482,17954053.970000003
2022-03-27 22:00:00,46622.94,46896.6,46371.09,46559.99,2957.57,138040651.42,Bitcoin,BTC,6435861008715.574,138037693.85
2022-03-27 23:00:00,46842.14,46878.22,46567.14,46622.94,1181.47,55197309.85,Bitcoin,BTC,2585560115617.079,55196128.38
2022-03-28 22:00:00,47555.24,47768.9,47518.94,47645.75,905.32,43143669.86,Bitcoin,BTC,2051707574673.0662,43142764.54
2022-03-28 23:00:00,47128.71,47608.04,46908.31,47555.24,1964.31,92747227.76,Bitcoin,BTC,4371057200404.9897,92745263.45
2022-03-29 22:00:00,47361.31,47392.43,47018.87,47301.28,1122.65,53020942.76,Bitcoin,BTC,2511141306548.615,53019820.11
2022-03-29 23:00:00,47445.3,47511.95,47326.85,47361.31,588.45,27909327.58,Bitcoin,BTC,1324166419831.374,27908739.13
2022-03-30 22:00:00,47085.02,47085.02,46871.73,46992.59,674.3,31676977.36,Bitcoin,BTC,1491511112535.147,31676303.06
2022-03-30 23:00:00,47056.41,47186.53,47024.58,47085.02,578.63,27272617.51,Bitcoin,BTC,1283351471323.7393,27272038.880000003
2022-03-31 22:00:00,45826.34,45840.5,45681.24,45785.49,758.5,34721572.81,Bitcoin,BTC,1591162600925.8154,34720814.31
2022-03-31 23:00:00,45522.65,45826.34,45220.41,45826.34,1480.95,67385358.29,Bitcoin,BTC,3067560080560.269,67383877.34
2022-04-01 22:00:00,46383.63,46414.77,46187.6,46324.54,708.82,32843248.66,Bitcoin,BTC,1523389093843.4358,32842539.84
2022-04-01 23:00:00,46299.75,46384.01,46147.48,46383.63,449.04,20765395.93,Bitcoin,BTC,961432640210.0175,20764946.89
2022-04-02 22:00:00,46129.88,46344.76,46057.27,46252.29,343.1,15847864.72,Bitcoin,BTC,731060097789.8336,15847521.620000001
2022-04-02 23:00:00,45822.28,46153.29,45795.92,46129.88,602.68,27690690.75,Bitcoin,BTC,1268850584939.91,27690088.07
2022-04-03 22:00:00,46706.77,47432.6,46637.24,46912.52,3855.68,181573368.44,Bitcoin,BTC,8480705557852.338,181569512.76
2022-04-03 23:00:00,46414.26,46715.51,46279.98,46706.77,1529.02,71082087.94,Bitcoin,BTC,3299222510990.0244,71080558.92
2022-04-04 22:00:00,46708.91,46856.96,46389.11,46479.18,1396.42,65114065.28,Bitcoin,BTC,3041407014897.645,65112668.86
2022-04-04 23:00:00,46609.36,46893.71,46545.91,46708.91,1562.37,72941310.54,Bitcoin,BTC,3399747801830.655,72939748.17
2022-04-05 22:00:00,45855.44,46049.88,45794.21,45956.63,791.1,36326141.82,Bitcoin,BTC,1665751216658.501,36325350.72
2022-04-05 23:00:00,45501.58,45888.6,45382.83,45855.44,1322.97,60370674.04,Bitcoin,BTC,2746961054484.9834,60369351.07
2022-04-06 22:00:00,43517.44,43868.51,43498.97,43857.46,725.41,31690306.22,Bitcoin,BTC,1379080999510.4768,31689580.81
2022-04-06 23:00:00,43177.78,43612.0,43129.76,43517.44,1594.03,69066577.01,Bitcoin,BTC,2982141467490.838,69064982.98
2022-04-07 22:00:00,43634.51,43641.34,43479.71,43526.81,397.31,17305395.54,Bitcoin,BTC,755112454744.0854,17304998.23
2022-04-07 23:00:00,43466.21,43747.36,43430.61,43634.51,485.2,21151594.68,Bitcoin,BTC,919379656195.7628,21151109.48
2022-04-08 22:00:00,42316.09,42666.26,42270.96,42570.8,1168.81,49558126.22,Bitcoin,BTC,2097106129356.8796,49556957.41
2022-04-08 23:00:00,42273.38,42361.44,42123.42,42316.09,1068.31,45101381.88,Bitcoin,BTC,1906587854738.3545,45100313.57
2022-04-09 22:00:00,42557.28,42649.49,42525.11,42577.7,301.9,12855452.34,Bitcoin,BTC,547093084760.03516,12855150.44
2022-04-09 23:00:00,42768.61,42813.04,42501.96,42557.28,654.85,27957116.63,Bitcoin,BTC,1195687017872.9844,27956461.779999997
2022-04-10 22:00:00,42146.53,42738.77,41921.59,42715.89,2853.28,120463122.6,Bitcoin,BTC,5077102610554.577,120460269.32
2022-04-10 23:00:00,42153.77,42407.66,42005.49,42146.53,1145.34,48388900.4,Bitcoin,BTC,2039774578014.5078,48387755.059999995
2022-04-11 22:00:00,39765.84,39989.5,39229.4,39414.27,1912.17,75821421.82,Bitcoin,BTC,3015102528666.6284,75819509.64999999
2022-04-11 23:00:00,39536.71,39847.32,39401.84,39765.84,1104.65,43723069.54,Bitcoin,BTC,1728666320712.8132,43721964.89
2022-04-12 22:00:00,39845.77,39914.82,39580.59,39711.5,948.32,37670694.08,Bitcoin,BTC,1501017812052.0415,37669745.76
2022-04-12 23:00:00,40086.66,40252.56,39833.81,39845.77,1278.64,51253772.76,Bitcoin,BTC,2054592562347.3816,51252494.12
2022-04-13 22:00:00,41290.49,41383.38,41167.43,41225.4,708.91,29256756.92,Bitcoin,BTC,1208025829037.691,29256048.01
2022-04-13 23:00:00,41150.33,41337.77,41088.82,41290.49,673.42,27728507.34,Bitcoin,BTC,1141037227448.4224,27727833.919999998
2022-04-14 22:00:00,39849.31,40022.74,39816.44,39979.06,467.44,18664724.21,Bitcoin,BTC,743776381108.795,18664256.77
2022-04-14 23:00:00,39951.63,39956.22,39834.75,39849.31,301.17,12017098.53,Bitcoin,BTC,480102674144.1038,12016797.36
2022-04-15 22:00:00,40475.73,40513.26,40359.85,40435.43,353.7,14303311.52,Bitcoin,BTC,578936975189.4097,14302957.82
2022-04-15 23:00:00,40563.69,40607.2,40422.09,40475.73,433.73,17579298.04,Bitcoin,BTC,713081196112.1676,17578864.31
2022-04-16 22:00:00,40422.77,40694.81,40407.31,40506.1,535.74,21731314.21,Bitcoin,BTC,878439916108.5616,21730778.470000003
2022-04-16 23:00:00,40392.55,40514.07,40384.5,40422.77,244.0,9866767.7,Bitcoin,BTC,398543907660.635,9866523.7
2022-04-17 22:00:00,40008.27,40343.45,39955.34,40217.06,968.99,38921688.17,Bitcoin,BTC,1557189409161.1658,38920719.18
2022-04-17 23:00:00,39688.16,40009.39,39563.9,40008.27,1791.44,71192606.22,Bitcoin,BTC,2825503546476.3555,71190814.78
2022-04-18 22:00:00,40928.37,40934.52,40727.86,40812.96,575.1,23483102.02,Bitcoin,BTC,961125088222.3075,23482526.919999998
2022-04-18 23:00:00,40811.03,40977.89,40739.88,40928.37,570.96,23321705.8,Bitcoin,BTC,951782835054.974,23321134.84
2022-04-19 22:00:00,41403.28,41472.84,41281.08,41323.59,431.95,17879032.21,Bitcoin,BTC,740250576719.6488,17878600.26
2022-04-19 23:00:00,41504.44,41543.02,41403.2,41403.28,389.01,16136320.23,Bitcoin,BTC,669728934806.8213,16135931.22
2022-04-20 22:00:00,41491.47,41631.9,41460.92,41520.67,626.88,26036235.34,Bitcoin,BTC,1080281677522.5498,26035608.46
2022-04-20 23:00:00,41375.35,41501.42,41309.02,41491.47,662.09,27410831.03,Bitcoin,BTC,1134132727657.1106,27410168.94
2022-04-21 22:00:00,40431.39,40810.4,39864.73,40740.68,3103.1,124970768.11,Bitcoin,BTC,5052741864054.973,124967665.01
2022-04-21 23:00:00,40490.97,40560.63,40339.08,40431.39,879.45,35569840.62,Bitcoin,BTC,1440257349449.2014,35568961.169999994
2022-04-22 22:00:00,39720.26,39747.28,39450.95,39628.62,951.83,37722347.35,Bitcoin,BTC,1498341444552.311,37721395.52
2022-04-22 23:00:00,39716.04,39823.5,39671.17,39720.26,455.35,18095988.64,Bitcoin,BTC,718701008665.7856,18095533.29
2022-04-23 22:00:00,39823.94,39943.82,39799.53,39911.03,429.7,17138476.02,Bitcoin,BTC,682521640711.9188,17138046.32
2022-04-23 23:00:00,39445.97,39835.2,39353.46,39823.94,1303.91,51644870.86,Bitcoin,BTC,2037182026597.4343,51643566.95
2022-04-24 22:00:00,39567.02,39780.89,39546.19,39653.35,390.69,15502716.2,Bitcoin,BTC,613396281939.7239,15502325.51
2022-04-24 23:00:00,39466.26,39587.71,39447.3,39567.02,417.57,16501472.68,Bitcoin,BTC,651251411171.7769,16501055.11
2022-04-25 22:00:00,40357.24,40590.8,40150.3,40238.98,1310.45,52897079.3,Bitcoin,BTC,2134780124609.1318,52895768.849999994
2022-04-25 23:00:00,40437.52,40575.17,40259.26,40357.24,713.8,28873155.39,Bitcoin,BTC,1167558798546.2327,28872441.59
2022-04-26 22:00:00,38205.94,38451.78,38188.16,38334.35,937.78,35954384.1,Bitcoin,BTC,1373671041661.5542,35953446.32
2022-04-26 23:00:00,38117.39,38275.47,37726.59,38205.94,1626.82,61835776.23,Bitcoin,BTC,2357018398511.6396,61834149.41
2022-04-27 22:00:00,39089.16,39284.97,39033.71,39237.16,747.91,29290828.07,Bitcoin,BTC,1144953864960.7214,29290080.16
2022-04-27 23:00:00,39252.04,39292.91,39072.21,39089.16,567.5,22244347.19,Bitcoin,BTC,873136005675.7677,22243779.69
2022-04-28 22:00:00,39795.33,39873.34,39624.23,39844.77,766.42,30454264.62,Bitcoin,BTC,1211937510460.2246,30453498.2
2022-04-28 23:00:00,39749.75,39847.03,39676.7,39795.33,386.68,15375089.18,Bitcoin,BTC,611155951132.705,15374702.5
2022-04-29 22:00:00,38612.13,38631.45,38439.25,38563.6,364.72,14062040.71,Bitcoin,BTC,542965343959.8123,14061675.99
2022-04-29 23:00:00,38594.22,38662.58,38563.73,38612.13,423.48,16353641.14,Bitcoin,BTC,631156023958.2108,16353217.66
2022-04-30 22:00:00,38263.64,38381.16,38187.62,38324.27,613.52,23489342.77,Bitcoin,BTC,898787755587.8828,23488729.25
2022-04-30 23:00:00,37650.13,38286.75,37607.77,38263.64,2765.55,104556469.7,Bitcoin,BTC,3936564676546.061,104553704.15
2022-05-01 22:00:00,38310.02,38575.2,38105.03,38344.96,1129.29,43299597.82,Bitcoin,BTC,1658808458476.1562,43298468.53
2022-05-01 23:00:00,38480.53,38634.98,38253.69,38310.02,1271.16,48910310.75,Bitcoin,BTC,1882094680124.6975,48909039.59
2022-05-02 22:00:00,38582.61,38889.98,38566.48,38639.64,1430.69,55345526.34,Bitcoin,BTC,2135374858020.9475,55344095.650000006
2022-05-02 23:00:00,38513.01,38733.33,38462.4,38582.61,858.36,33128347.34,Bitcoin,BTC,1275872372388.8936,33127488.98
2022-05-03 22:00:00,37726.95,37867.32,37722.47,37788.01,692.79,26185004.97,Bitcoin,BTC,987880373252.9414,26184312.18
2022-05-03 23:00:00,37725.38,37761.01,37625.99,37726.95,747.21,28165407.86,Bitcoin,BTC,1062550714373.4867,28164660.65
2022-05-04 22:00:00,39674.76,39762.67,39664.17,39735.45,944.16,37495541.69,Bitcoin,BTC,1487626617620.7444,37494597.53
2022-05-04 23:00:00,39680.21,39723.48,39600.99,39674.76,972.22,38537227.18,Bitcoin,BTC,1529165267320.1077,38536254.96
2022-05-05 22:00:00,36227.39,36481.1,36199.71,36444.61,1533.6,55780489.67,Bitcoin,BTC,2020781553666.0613,55778956.07
2022-05-05 23:00:00,36546.86,36589.99,36223.73,36227.39,1707.56,62241761.62,Bitcoin,BTC,2274740948079.513,62240054.059999995
2022-05-06 22:00:00,36003.09,36064.84,35888.13,35961.06,535.72,19271070.2,Bitcoin,BTC,693818074806.9178,19270534.48
2022-05-06 23:00:00,36009.89,36109.37,36000.22,36003.09,541.31,19515968.14,Bitcoin,BTC,702767865964.9047,19515426.830000002
2022-05-07 22:00:00,35045.59,35312.67,34837.06,35044.41,3179.29,111474447.96,Bitcoin,BTC,3906687798682.4956,111471268.66999999
2022-05-07 23:00:00,35469.21,35748.7,35021.89,35045.59,2606.3,92369376.98,Bitcoin,BTC,3276268829672.7856,92366770.68
2022-05-08 22:00:00,34278.15,34468.0,34045.86,34452.33,1604.9,54885259.24,Bitcoin,BTC,1881365149017.6062,54883654.34
2022-05-08 23:00:00,34033.77,34282.43,33926.59,34278.15,1870.6,63782904.13,Bitcoin,BTC,2170772689092.47,63781033.53
2022-05-09 22:00:00,31108.72,31338.13,30671.95,30835.35,4833.58,150310145.44,Bitcoin,BTC,4675956227652.237,150305311.85999998
2022-05-09 23:00:00,30076.9,31223.28,30068.1,31108.72,6894.58,210618232.88,Bitcoin,BTC,6334743528508.472,210611338.29999998
2022-05-10 22:00:00,30772.94,30968.92,30173.32,30252.31,4256.43,130187440.01,Bitcoin,BTC,4006250280181.3296,130183183.58
2022-05-10 23:00:00,31013.12,31249.09,30704.71,30772.94,3279.51,101746965.86,Bitcoin,BTC,3155490861852.083,101743686.35
2022-05-11 22:00:00,28792.95,29182.25,28474.63,29033.4,5513.78,158988026.06,Bitcoin,BTC,4577734284944.277,158982512.28
2022-05-11 23:00:00,29017.21,29019.79,28550.67,28792.95,3651.01,105070634.68,Bitcoin,BTC,3048856671342.843,105066983.67
2022-05-12 22:00:00,28746.42,28758.59,28269.78,28369.4,1480.37,42167586.33,Bitcoin,BTC,1212167147028.4385,42166105.96
2022-05-12 23:00:00,28915.72,29206.45,28742.25,28746.42,2577.51,74739939.03,Bitcoin,BTC,2161159149808.5518,74737361.52
2022-05-13 22:00:00,29765.79,30085.74,29756.4,30001.99,1156.1,34584030.15,Bitcoin,BTC,1029420978798.5685,34582874.05
2022-05-13 23:00:00,29244.83,29797.39,29163.97,29765.79,2774.29,81523795.3,Bitcoin,BTC,2384149534503.299,81521021.00999999
2022-05-14 22:00:00,30186.05,30274.18,29549.81,29671.86,2709.1,81126928.9,Bitcoin,BTC,2448901532121.845,81124219.80000001
2022-05-14 23:00:00,30050.31,30254.35,29870.7,30186.05,1712.05,51470901.06,Bitcoin,BTC,1546716532832.3289,51469189.010000005
2022-05-15 22:00:00,31052.26,31406.35,31042.01,31043.23,2027.81,63212185.61,Bitcoin,BTC,1962881222729.9785,63210157.8
2022-05-15 23:00:00,31296.11,31328.24,31011.68,31052.26,1355.04,42214064.65,Bitcoin,BTC,1321136010833.5115,42212709.61
2022-05-16 22:00:00,29980.79,30185.09,29951.35,30139.83,1294.03,38963089.55,Bitcoin,BTC,1168144205549.7444,38961795.519999996
2022-05-16 23:00:00,29838.5,30062.64,29801.41,29980.79,1069.3,31994265.99,Bitcoin,BTC,954660905742.615,31993196.689999998
2022-05-17 22:00:00,30321.71,30574.77,30219.6,30521.4,1202.21,36514568.29,Bitcoin,BTC,1107184150464.576,36513366.08
2022-05-17 23:00:00,30415.91,30534.74,30321.47,30321.71,1337.75,40727026.07,Bitcoin,BTC,1238749559512.7737,40725688.32
2022-05-18 22:00:00,28944.37,29369.97,28871.58,29165.66,2272.15,66049735.66,Bitcoin,BTC,1911767987345.2341,66047463.51
2022-05-18 23:00:00,28667.29,29059.2,28610.2,28944.37,1947.77,56098971.84,Bitcoin,BTC,1608205494439.1138,56097024.07
2022-05-19 22:00:00,30150.19,30242.51,30079.33,30241.89,1610.48,48532585.29,Bitcoin,BTC,1463266667684.705,48530974.81
2022-05-19 23:00:00,30282.48,30384.46,30118.67,30150.19,1729.35,52297181.9,Bitcoin,BTC,1583688364943.1118,52295452.55
2022-05-20 22:00:00,29113.85,29289.76,29101.88,29154.31,777.44,22697799.41,Bitcoin,BTC,660820327352.8285,22697021.97
2022-05-20 23:00:00,29166.15,29359.19,29110.28,29113.85,945.45,27655785.1,Bitcoin,BTC,806612776594.3651,27654839.650000002
2022-05-21 22:00:00,29375.32,29378.33,29270.46,29317.57,353.26,10358358.84,Bitcoin,BTC,304280105599.8288,10358005.58
2022-05-21 23:00:00,29410.72,29489.84,29369.61,29375.32,432.67,12731567.86,Bitcoin,BTC,374444577491.45917,12731135.19
2022-05-22 22:00:00,30249.95,30424.21,29984.17,29984.17,2356.91,71282183.4,Bitcoin,BTC,2156282483740.8303,71279826.49000001
2022-05-22 23:00:00,30264.29,30454.36,30249.54,30249.95,1194.01,36241531.16,Bitcoin,BTC,1096824209070.2764,36240337.15
2022-05-23 22:00:00,29183.54,29318.4,29006.43,29318.4,2167.55,63163092.02,Bitcoin,BTC,1843322622489.3508,63160924.470000006
2022-05-23 23:00:00,29075.68,29186.11,28861.27,29183.54,1608.63,46712912.02,Bitcoin,BTC,1358209681761.6738,46711303.39
2022-05-24 22:00:00,29580.93,29607.33,29502.74,29559.38,674.89,19944866.18,Bitcoin,BTC,589987690329.9474,19944191.29
2022-05-24 23:00:00,29630.05,29800.48,29559.29,29580.93,1218.33,36167321.07,Bitcoin,BTC,1071639531670.1534,36166102.74
2022-05-25 22:00:00,29755.62,29851.48,29715.34,29797.46,622.19,18521680.52,Bitcoin,BTC,551124087314.5223,18521058.33
2022-05-25 23:00:00,29508.27,29755.7,29505.16,29755.62,1283.95,38013688.55,Bitcoin,BTC,1121718185429.3083,38012404.599999994
2022-05-26 22:00:00,29477.98,29635.7,29458.89,29551.28,686.72,20286301.63,Bitcoin,BTC,597999193723.1073,20285614.91
2022-05-26 23:00:00,29188.71,29530.13,29146.04,29477.98,1199.1,35203467.32,Bitcoin,BTC,1027543798597.9572,35202268.22
2022-05-27 22:00:00,28796.59,28877.59,28617.18,28686.82,718.6,20693640.56,Bitcoin,BTC,595906282813.6903,20692921.959999997
2022-05-27 23:00:00,28597.33,28826.19,28504.72,28796.59,1111.16,31821812.56,Bitcoin,BTC,910018874976.4648,31820701.4
2022-05-28 22:00:00,28971.47,29017.98,28941.14,28996.14,317.83,9209027.54,Bitcoin,BTC,266799065104.28378,9208709.709999999
2022-05-28 23:00:00,29013.53,29120.53,28970.75,28971.47,598.85,17402258.53,Bitcoin,BTC,504900949927.9109,17401659.68
2022-05-29 22:00:00,29408.32,29548.72,29154.92,29212.75,1473.89,43313876.54,Bitcoin,BTC,1273788341728.8127,43312402.65
2022-05-29 23:00:00,29452.23,29477.94,29385.14,29408.32,592.43,17437386.14,Bitcoin,BTC,513569907194.0922,17436793.71
2022-05-30 22:00:00,31748.62,31884.85,31506.06,31788.32,2239.52,70885724.84,Bitcoin,BTC,2250523941369.7207,70883485.32000001
2022-05-30 23:00:00,31716.41,31874.77,31616.51,31748.62,1598.37,50767504.2,Bitcoin,BTC,1610162977883.922,50765905.830000006
2022-05-31 22:00:00,31850.99,31872.17,31661.16,31686.03,805.19,25589200.21,Bitcoin,BTC,815041359996.708,25588395.02
2022-05-31 23:00:00,31782.16,31914.61,31756.64,31850.99,660.3,21025026.6,Bitcoin,BTC,668220759405.456,21024366.3
2022-06-01 22:00:00,29733.8,29755.16,29499.2,29573.71,1267.89,37557565.92,Bitcoin,BTC,1116729153552.096,37556298.03
2022-06-01 23:00:00,29789.58,30039.98,29718.16,29733.8,1719.51,51376954.7,Bitcoin,BTC,1530497902192.0261,51375235.190000005
2022-06-02 22:00:00,30471.21,30647.18,30319.63,30355.07,1640.21,50063588.86,Bitcoin,BTC,1525498129506.7205,50061948.65
2022-06-02 23:00:00,30439.63,30626.06,30419.96,30471.21,759.75,23190287.26,Bitcoin,BTC,705903763788.1139,23189527.51
2022-06-03 22:00:00,29707.24,29870.69,29681.91,29783.97,665.81,19832775.93,Bitcoin,BTC,589177034418.7333,19832110.12
2022-06-03 23:00:00,29680.3,29720.81,29626.46,29707.24,532.44,15789881.27,Bitcoin,BTC,468648413057.98096,15789348.83
2022-06-04 22:00:00,29780.56,29946.05,29772.64,29827.79,914.52,27292056.45,Bitcoin,BTC,812772724632.612,27291141.93
2022-06-04 23:00:00,29845.48,29853.2,29750.52,29780.56,516.55,15385797.51,Bitcoin,BTC,459196511868.75476,15385280.959999999
2022-06-05 22:00:00,30002.82,30055.7,29864.43,29947.05,687.48,20603761.93,Bitcoin,BTC,618170960508.6426,20603074.45
2022-06-05 23:00:00,29897.9,30030.54,29876.55,30002.82,530.0,15869110.69,Bitcoin,BTC,474453084498.551,15868580.69
2022-06-06 22:00:00,31379.34,31517.24,31367.13,31474.86,1103.31,34706114.57,Bitcoin,BTC,1089054969170.9838,34705011.26
2022-06-06 23:00:00,31353.78,31402.69,31297.39,31379.34,585.61,18354473.65,Bitcoin,BTC,575482128837.897,18353888.04
2022-06-07 22:00:00,31236.88,31462.52,30300.3,31378.5,3952.39,122537204.85,Bitcoin,BTC,3827679963434.868,122533252.46
2022-06-07 23:00:00,31111.75,31361.19,30915.54,31236.88,2290.91,71298841.15,Bitcoin,BTC,2218231721148.5127,71296550.24000001
2022-06-08 22:00:00,30291.19,30433.33,30266.62,30396.37,442.68,13423501.07,Bitcoin,BTC,406613821376.5733,13423058.39
2022-06-08 23:00:00,30189.27,30347.42,30171.56,30291.19,460.24,13923209.18,Bitcoin,BTC,420331521201.4986,13922748.94
2022-06-09 22:00:00,30037.85,30136.61,29991.16,30119.52,700.77,21060182.95,Bitcoin,BTC,632602616424.6575,21059482.18
2022-06-09 23:00:00,30082.94,30103.19,29963.44,30037.85,794.75,23865647.75,Bitcoin,BTC,717948849324.385,23864853.0
2022-06-10 22:00:00,29155.54,29273.31,29082.96,29177.76,733.49,21398745.9,Bitcoin,BTC,623891992037.286,21398012.41
2022-06-10 23:00:00,29067.38,29187.96,29016.14,29155.54,600.26,17464340.28,Bitcoin,BTC,507642615368.06647,17463740.02
2022-06-11 22:00:00,28615.69,28655.98,28518.25,28539.72,440.79,12603134.38,Bitcoin,BTC,360647386446.4222,12602693.590000002
2022-06-11 23:00:00,28389.49,28621.46,28220.46,28615.69,1165.69,33086255.89,Bitcoin,BTC,939301930726.5962,33085090.2
2022-06-12 22:00:00,26984.69,27427.63,26921.94,27353.73,2329.67,63213853.56,Bitcoin,BTC,1705806242021.9963,63211523.89
2022-06-12 23:00:00,26587.35,27156.11,26570.67,26984.69,3568.72,95708549.05,Bitcoin,BTC,2544636691584.517,95704980.33
2022-06-13 22:00:00,22573.52,23106.63,22553.88,23042.89,3318.63,75765185.2,Bitcoin,BTC,1710286923415.904,75761866.57000001
2022-06-13 23:00:00,22471.59,22623.31,21976.15,22573.52,8562.19,190584346.54,Bitcoin,BTC,4282733295864.7983,190575784.35
2022-06-14 22:00:00,21577.44,21629.22,21457.72,21462.72,1663.21,35848462.13,Bitcoin,BTC,773518040702.3472,35846798.92
2022-06-14 23:00:00,22118.37,22269.69,21563.31,21577.44,3281.91,72215521.5,Bitcoin,BTC,1597289624279.9548,72212239.59
2022-06-15 22:00:00,22476.03,22743.84,22184.23,22184.44,4095.96,92189451.42,Bitcoin,BTC,2072052875799.4626,92185355.46000001
2022-06-15 23:00:00,22566.73,22661.06,22409.78,22476.03,1819.58,40981913.6,Bitcoin,BTC,924827779094.5281,40980094.02
2022-06-16 22:00:00,20354.05,20665.79,20318.34,20641.77,3442.59,70667308.17,Bitcoin,BTC,1438365923857.5884,70663865.58
2022-06-16 23:00:00,20372.85,20450.11,20209.17,20354.05,2849.99,57855749.81,Bitcoin,BTC,1178686512516.6584,57852899.82
2022-06-17 22:00:00,20416.59,20561.99,20340.74,20522.51,2340.97,47872320.74,Bitcoin,BTC,977389544897.0767,47869979.77
2022-06-17 23:00:00,20432.26,20505.84,20392.7,20416.59,1323.74,27077444.07,Bitcoin,BTC,553253377373.6981,27076120.330000002
2022-06-18 22:00:00,19151.13,19471.86,18411.91,18497.41,7584.23,143710903.44,Bitcoin,BTC,2752226194196.887,143703319.21
2022-06-18 23:00:00,18954.25,19226.91,18890.26,19151.13,2850.54,54309093.95,Bitcoin,BTC,1029388144001.7876,54306243.410000004
2022-06-19 22:00:00,20670.91,20776.87,20289.83,20371.14,3829.18,78960128.42,Bitcoin,BTC,1632177708158.2622,78956299.24
2022-06-19 23:00:00,20553.48,20685.29,20388.71,20670.91,1452.55,29789244.51,Bitcoin,BTC,612272641251.3948,29787791.96
2022-06-20 22:00:00,20469.97,20549.93,20241.3,20390.25,1105.25,22505659.34,Bitcoin,BTC,460690171520.01984,22504554.09
2022-06-20 23:00:00,20550.91,20750.81,20359.2,20469.97,1258.88,25905786.67,Bitcoin,BTC,532387490334.36975,25904527.790000003
2022-06-21 22:00:00,20886.78,20980.66,20716.19,20963.98,1875.63,38979380.53,Bitcoin,BTC,814153745666.3934,38977504.9
2022-06-21 23:00:00,20699.21,20915.08,20531.83,20886.78,1341.84,27750955.0,Bitcoin,BTC,574422845245.5499,27749613.16
2022-06-22 22:00:00,20080.31,20141.17,19898.18,19976.14,1294.37,25888714.1,Bitcoin,BTC,519853404629.3711,25887419.73
2022-06-22 23:00:00,19956.16,20113.96,19948.95,20080.31,893.29,17897351.13,Bitcoin,BTC,357162402726.46075,17896457.84
2022-06-23 22:00:00,20973.57,21195.95,20664.71,20669.27,3539.68,74217759.64,Bitcoin,BTC,1556611377052.7148,74214219.96
2022-06-23 23:00:00,21098.41,21183.65,20961.92,20973.57,1695.7,35759091.46,Bitcoin,BTC,754459972850.5786,35757395.76
2022-06-24 22:00:00,21301.56,21528.86,21291.97,21305.69,2103.99,45008150.32,Bitcoin,BTC,958743814530.4993,45006046.33
2022-06-24 23:00:00,21219.46,21375.5,21187.43,21301.56,1162.19,24747028.39,Bitcoin,BTC,525118579040.4694,24745866.2
2022-06-25 22:00:00,21420.93,21510.84,21384.99,21501.73,934.81,20044307.89,Bitcoin,BTC,429367716210.1377,20043373.080000002
2022-06-25 23:00:00,21474.19,21567.26,21419.07,21420.93,910.71,19555909.23,Bitcoin,BTC,419947310427.7737,19554998.52
2022-06-26 22:00:00,21137.29,21391.44,20971.17,21375.34,2226.4,47037939.66,Bitcoin,BTC,994254571595.9214,47035713.26
2022-06-26 23:00:00,21031.85,21229.52,20968.82,21137.29,1350.1,28470521.46,Bitcoin,BTC,598787736768.501,28469171.36
2022-06-27 22:00:00,20797.23,20932.89,20756.03,20790.27,1277.05,26599940.74,Bitcoin,BTC,553205085556.1501,26598663.689999998
2022-06-27 23:00:00,20718.16,20866.15,20669.83,20797.23,1239.62,25740612.7,Bitcoin,BTC,533298132416.63196,25739373.08
2022-06-28 22:00:00,20280.94,20423.34,20250.31,20373.08,1087.66,22129689.61,Bitcoin,BTC,448810907199.0334,22128601.95
2022-06-28 23:00:00,20251.96,20341.19,20187.74,20280.94,1114.5,22585532.11,Bitcoin,BTC,457401292870.43555,22584417.61
2022-06-29 22:00:00,20194.52,20303.46,20132.24,20277.59,940.05,18990347.42,Bitcoin,BTC,383500950780.1384,18989407.37
2022-06-29 23:00:00,20094.16,20196.31,20031.78,20194.52,1141.71,22938853.3,Bitcoin,BTC,460936988426.728,22937711.59
2022-06-30 22:00:00,18873.41,18935.4,18720.41,18797.81,1287.68,24243588.86,Bitcoin,BTC,457559192426.2126,24242301.18
2022-06-30 23:00:00,19908.49,19911.52,18861.16,18873.41,9096.31,177443940.21,Bitcoin,BTC,3532640909231.3833,177434843.9
2022-07-01 22:00:00,19276.2,19395.18,19266.41,19370.48,1760.3,34069485.56,Bitcoin,BTC,656730217551.6721,34067725.260000005
2022-07-01 23:00:00,19249.33,19435.5,19197.88,19276.2,1623.14,31386602.36,Bitcoin,BTC,604171066406.4188,31384979.22
2022-07-02 22:00:00,19306.31,19344.44,19288.93,19328.29,663.61,12813601.67,Bitcoin,BTC,247383366057.53772,12812938.06
2022-07-02 23:00:00,19225.66,19316.75,19180.55,19306.31,524.35,10088355.87,Bitcoin,BTC,193955299915.62418,10087831.52
2022-07-03 22:00:00,19276.24,19353.13,19215.18,19280.2,985.75,19000872.54,Bitcoin,BTC,366265379290.4496,18999886.79
2022-07-03 23:00:00,19294.21,19312.46,19190.73,19276.24,949.62,18299682.65,Bitcoin,BTC,353077919982.4565,18298733.029999997
2022-07-04 22:00:00,20142.33,20215.04,19849.89,19939.99,2460.23,49271722.25,Bitcoin,BTC,992447289227.8425,49269262.02
2022-07-04 23:00:00,20212.81,20313.34,20095.55,20142.33,2319.51,46890226.66,Bitcoin,BTC,947783242335.5146,46887907.15
2022-07-05 22:00:00,20407.56,20412.43,20236.72,20348.27,1180.23,23994264.26,Bitcoin,BTC,489664387541.80566,23993084.03
2022-07-05 23:00:00,20158.69,20409.53,20099.59,20407.56,1657.88,33509200.32,Bitcoin,BTC,675501581398.7808,33507542.44
2022-07-06 22:00:00,20495.85,20578.17,20331.92,20338.86,1851.64,37905080.45,Bitcoin,BTC,776896843141.1324,37903228.81
2022-07-06 23:00:00,20545.04,20637.99,20472.05,20495.85,1629.3,33520471.04,Bitcoin,BTC,688679418335.6416,33518841.74
2022-07-07 22:00:00,21614.23,21752.31,21580.03,21658.07,1537.12,33286859.44,Bitcoin,BTC,719469835913.8312,33285322.32
2022-07-07 23:00:00,21611.8,21709.31,21560.78,21614.23,1271.84,27527959.06,Bitcoin,BTC,594928745612.908,27526687.22
2022-07-08 22:00:00,21764.06,21824.06,21681.69,21705.07,869.06,18917638.39,Bitcoin,BTC,411724616978.2634,18916769.330000002
2022-07-08 23:00:00,21592.65,21941.48,21578.48,21764.06,1520.12,33119868.83,Bitcoin,BTC,715145735692.0995,33118348.709999997
2022-07-09 22:00:00,21618.58,21739.21,21590.69,21701.55,712.93,15454450.67,Bitcoin,BTC,334103278165.4486,15453737.74
2022-07-09 23:00:00,21582.17,21635.93,21541.02,21618.58,661.33,14276077.02,Bitcoin,BTC,308108721178.73334,14275415.69
2022-07-10 22:00:00,20830.01,21030.97,20695.54,21030.75,1496.39,31140928.21,Bitcoin,BTC,648665846023.582,31139431.82
2022-07-10 23:00:00,20846.53,20866.65,20755.42,20830.01,644.95,13424428.41,Bitcoin,BTC,279852749581.9173,13423783.46
2022-07-11 22:00:00,19995.05,20224.67,19968.78,20224.67,3902.82,78270380.33,Bitcoin,BTC,1565020168217.3665,78266477.51
2022-07-11 23:00:00,19944.25,20032.74,19872.03,19995.05,2550.0,50885025.44,Bitcoin,BTC,1014863668631.72,50882475.44
2022-07-12 22:00:00,19354.58,19455.66,19230.29,19328.92,2298.93,44510658.6,Bitcoin,BTC,861485102726.3881,44508359.67
2022-07-12 23:00:00,19309.71,19428.05,19235.77,19354.58,2023.76,39140648.72,Bitcoin,BTC,755794575995.0712,39138624.96
2022-07-13 22:00:00,19832.57,19998.72,19820.9,19906.08,1389.23,27642808.89,Bitcoin,BTC,548227942307.5473,27641419.66
2022-07-13 23:00:00,20230.81,20274.83,19828.25,19832.57,3287.6,66188199.01,Bitcoin,BTC,1339040878413.498,66184911.41
2022-07-14 22:00:00,20489.41,20547.38,20435.26,20464.28,931.36,19080511.11,Bitcoin,BTC,390948415142.3451,19079579.75
2022-07-14 23:00:00,20577.38,20589.67,20459.17,20489.41,864.49,17750913.4,Bitcoin,BTC,365267290378.89197,17750048.91
2022-07-15 22:00:00,20888.58,20983.65,20814.79,20963.84,805.51,16827066.17,Bitcoin,BTC,351493517857.3387,16826260.66
2022-07-15 23:00:00,20827.27,20938.95,20761.93,20888.58,826.38,17216117.37,Bitcoin,BTC,358564724816.67993,17215290.990000002
2022-07-16 22:00:00,21285.47,21303.54,21139.83,21193.71,750.29,15917699.9,Bitcoin,BTC,338815723690.453,15916949.610000001
2022-07-16 23:00:00,21199.01,21292.1,21164.57,21285.47,900.09,19091499.82,Bitcoin,BTC,404720895599.17816,19090599.73
2022-07-17 22:00:00,21000.58,21068.1,20924.11,21015.03,1123.33,23586842.73,Bitcoin,BTC,495337377698.78345,23585719.400000002
2022-07-17 23:00:00,20792.81,21003.04,20752.85,21000.58,1418.16,29583266.25,Bitcoin,BTC,615119234315.6626,29581848.09
2022-07-18 22:00:00,21788.95,21849.18,21561.01,21657.39,2013.34,43697399.39,Bitcoin,BTC,952120450438.7406,43695386.05
2022-07-18 23:00:00,22447.39,22637.26,21771.84,21788.95,5094.37,113311248.32,Bitcoin,BTC,2543541782425.885,113306153.94999999
2022-07-19 22:00:00,23500.36,23665.76,23352.49,23654.93,1641.11,38551886.84,Bitcoin,BTC,905983219419.2625,38550245.730000004
2022-07-19 23:00:00,23399.91,23630.82,23235.32,23500.36,2427.41,56819948.59,Bitcoin,BTC,1329581683210.627,56817521.18000001
2022-07-20 22:00:00,23312.82,23632.58,23309.16,23610.24,1865.97,43768219.56,Bitcoin,BTC,1020360624322.7593,43766353.59
2022-07-20 23:00:00,23222.77,23399.37,23121.29,23312.82,2417.79,56232680.32,Bitcoin,BTC,1305878601554.8865,56230262.53
2022-07-21 22:00:00,23026.78,23228.19,22948.43,23216.34,1636.25,37761944.91,Bitcoin,BTC,869535997814.6897,37760308.66
2022-07-21 23:00:00,23153.54,23232.5,23008.48,23026.78,1240.87,28713219.0,Bitcoin,BTC,664812664645.26,28711978.13
2022-07-22 22:00:00,22725.62,22778.57,22655.01,22741.75,646.74,14683602.49,Bitcoin,BTC,333693970418.79376,14682955.75
2022-07-22 23:00:00,22686.32,22768.68,22665.47,22725.62,492.0,11174428.41,Bitcoin,BTC,253506658726.3512,11173936.41
2022-07-23 22:00:00,22476.62,22512.02,22238.08,22244.44,1151.01,25809084.49,Bitcoin,BTC,580100984629.6238,25807933.479999997
2022-07-23 23:00:00,22452.14,22554.87,22433.74,22476.62,833.66,18755449.46,Bitcoin,BTC,421099977038.8444,18754615.8
2022-07-24 22:00:00,22661.16,23012.74,22578.38,22818.94,2376.54,54242123.82,Bitcoin,BTC,1229189446624.8313,54239747.28
2022-07-24 23:00:00,22585.4,22759.54,22528.77,22661.16,1199.37,27165703.65,Bitcoin,BTC,613548283216.71,27164504.279999997
2022-07-25 22:00:00,21661.53,22028.07,21528.19,22025.23,3373.12,73269078.97,Bitcoin,BTC,1587120352181.024,73265705.85
2022-07-25 23:00:00,21305.59,21757.44,21268.28,21661.53,2873.28,61692467.06,Bitcoin,BTC,1314394409268.8655,61689593.78
2022-07-26 22:00:00,21118.61,21160.44,20926.2,20941.83,1716.43,36200557.09,Bitcoin,BTC,764505446966.445,36198840.660000004
2022-07-26 23:00:00,21258.08,21297.36,21070.11,21118.61,1459.37,30910799.94,Bitcoin,BTC,657104257988.5153,30909340.57
2022-07-27 22:00:00,22880.2,22950.12,22660.16,22684.23,1999.97,45608391.71,Bitcoin,BTC,1043529124003.1421,45606391.74
2022-07-27 23:00:00,22960.19,22985.56,22817.12,22880.2,1285.59,29441533.96,Bitcoin,BTC,675983213613.0524,29440248.37
2022-07-28 22:00:00,23968.56,23989.39,23826.43,23931.94,1216.42,29099172.11,Bitcoin,BTC,697465252668.8616,29097955.689999998
2022-07-28 23:00:00,23855.65,23983.24,23755.9,23968.56,1134.6,27054621.12,Bitcoin,BTC,645405572321.3281,27053486.52
2022-07-29 22:00:00,23956.5,23965.34,23761.21,23831.94,968.27,23105379.49,Bitcoin,BTC,553524023752.1849,23104411.22
2022-07-29 23:00:00,23769.15,24145.67,23721.84,23956.5,2203.25,52821708.01,Bitcoin,BTC,1255527100945.8916,52819504.76
2022-07-30 22:00:00,23706.09,23870.71,23521.46,23870.71,2503.41,59202140.65,Bitcoin,BTC,1403451274441.5586,59199637.24
2022-07-30 23:00:00,23646.03,23737.74,23555.52,23706.09,942.11,22264497.92,Bitcoin,BTC,526466985751.2576,22263555.810000002
2022-07-31 22:00:00,23391.42,23594.04,23243.11,23591.9,2374.96,55540022.65,Bitcoin,BTC,1299159996615.6628,55537647.69
2022-07-31 23:00:00,23308.14,23468.86,23295.45,23391.42,1500.11,35028984.07,Bitcoin,BTC,816460464761.3298,35027483.96
2022-08-01 22:00:00,23175.59,23195.1,22920.97,23026.36,1305.16,30096056.71,Bitcoin,BTC,697493870927.709,30094751.55
2022-08-01 23:00:00,23271.57,23415.7,23173.67,23175.59,1680.0,39178517.97,Bitcoin,BTC,911745623435.1129,39176837.97
2022-08-02 22:00:00,23107.42,23150.11,23037.23,23097.86,1232.48,28474286.68,Bitcoin,BTC,657967301515.1655,28473054.2
2022-08-02 23:00:00,22991.49,23135.17,22937.5,23107.42,909.8,20958502.65,Bitcoin,BTC,481867204092.4485,20957592.849999998
2022-08-03 22:00:00,22939.62,23280.46,22887.91,23279.07,3226.84,74497476.16,Bitcoin,BTC,1708943794069.459,74494249.32
2022-08-03 23:00:00,22825.25,22939.62,22732.76,22939.62,2682.95,61195660.85,Bitcoin,BTC,1396806257816.4626,61192977.9
2022-08-04 22:00:00,22626.56,22641.47,22459.35,22497.27,1596.01,36000155.85,Bitcoin,BTC,814559686349.3761,35998559.84
2022-08-04 23:00:00,22622.99,22668.57,22577.97,22626.56,1052.23,23813039.8,Bitcoin,BTC,538722161265.0021,23811987.57
2022-08-05 22:00:00,23250.39,23285.71,23114.43,23114.59,1578.73,36621538.78,Bitcoin,BTC,851465059035.1241,36619960.050000004
2022-08-05 23:00:00,23319.22,23321.96,23163.16,23250.39,1693.33,39373385.58,Bitcoin,BTC,918156640484.8477,39371692.25
2022-08-06 22:00:00,23180.18,23219.3,23156.28,23185.27,514.28,11918543.0,Bitcoin,BTC,276273972077.74,11918028.72
2022-08-06 23:00:00,22956.4,23180.18,22922.93,23180.18,1776.45,40864412.42,Bitcoin,BTC,938099797278.4882,40862635.97
2022-08-07 22:00:00,23244.94,23323.69,23227.85,23314.77,1211.75,28202363.69,Bitcoin,BTC,655562251832.2286,28201151.94
2022-08-07 23:00:00,23179.86,23253.43,23068.05,23244.94,1378.87,31923447.94,Bitcoin,BTC,739981053966.4884,31922069.07
2022-08-08 22:00:00,23815.37,23856.75,23681.28,23853.66,1448.41,34447072.24,Bitcoin,BTC,820369770812.3289,34445623.830000006
2022-08-08 23:00:00,23817.72,23919.78,23761.27,23815.37,803.31,19144774.97,Bitcoin,BTC,455984889698.4684,19143971.66
2022-08-09 22:00:00,23179.85,23267.44,23138.6,23197.07,1193.51,27697489.45,Bitcoin,BTC,642023650827.5824,27696295.939999998
2022-08-09 23:00:00,23156.66,23245.93,23143.61,23179.85,2182.75,50592175.79,Bitcoin,BTC,1171545813429.2615,50589993.04
2022-08-10 22:00:00,23851.03,24023.28,23815.27,23961.26,1638.14,39169305.57,Bitcoin,BTC,934228282229.237,39167667.43
2022-08-10 23:00:00,23959.67,23969.21,23831.42,23851.03,1144.53,27361976.43,Bitcoin,BTC,655583925810.578,27360831.9
2022-08-11 22:00:00,23908.88,24218.39,23907.56,24194.21,1927.26,46373052.17,Bitcoin,BTC,1108727739566.2698,46371124.910000004
2022-08-11 23:00:00,23943.36,23968.08,23867.0,23908.88,1808.38,43253913.46,Bitcoin,BTC,1035644021381.6256,43252105.08
2022-08-12 22:00:00,24248.56,24254.38,24087.18,24127.91,1377.42,33280237.79,Bitcoin,BTC,806997842865.0824,33278860.369999997
2022-08-12 23:00:00,24412.17,24458.75,24218.01,24248.56,2402.11,58564939.42,Bitcoin,BTC,1429697257160.7415,58562537.31
2022-08-13 22:00:00,24398.46,24530.93,24394.24,24505.84,568.92,13922337.75,Bitcoin,BTC,339683600699.865,13921768.83
2022-08-13 23:00:00,24449.86,24502.19,24373.11,24398.46,724.89,17707630.66,Bitcoin,BTC,432949090568.70764,17706905.77
2022-08-14 22:00:00,24265.81,24366.87,24187.0,24350.98,1132.22,27496014.86,Bitcoin,BTC,667213072349.9366,27494882.64
2022-08-14 23:00:00,24313.71,24357.76,24244.92,24265.81,800.41,19454003.79,Bitcoin,BTC,472999006488.9609,19453203.38
2022-08-15 22:00:00,24015.49,24145.35,23981.08,24029.28,1160.98,27934447.74,Bitcoin,BTC,670859450355.4926,27933286.759999998
2022-08-15 23:00:00,24101.69,24189.52,23783.19,24015.49,3012.58,72215098.18,Bitcoin,BTC,1740505909653.9243,72212085.60000001
2022-08-16 22:00:00,23849.57,23950.55,23812.35,23949.51,1443.79,34464363.26,Bitcoin,BTC,821960244074.7981,34462919.47
2022-08-16 23:00:00,23858.64,23899.91,23821.32,23849.57,894.19,21342537.62,Bitcoin,BTC,509203921762.0368,21341643.43
2022-08-17 22:00:00,23347.93,23384.7,23256.82,23334.63,780.91,18220006.4,Bitcoin,BTC,425399434026.75195,18219225.49
2022-08-17 23:00:00,23338.03,23372.55,23293.68,23347.93,692.97,16168210.37,Bitcoin,BTC,377334178661.37103,16167517.399999999
2022-08-18 22:00:00,23349.28,23397.93,23325.12,23362.57,783.53,18305827.23,Bitcoin,BTC,427427885624.8944,18305043.7
2022-08-18 23:00:00,23201.51,23383.97,23115.03,23349.28,2118.62,49194281.07,Bitcoin,BTC,1141381604188.4155,49192162.45
2022-08-19 22:00:00,20975.17,21322.76,20922.91,21044.7,5929.86,125143780.91,Bitcoin,BTC,2624912079030.0044,125137851.05
2022-08-19 23:00:00,20833.43,21046.33,20801.31,20975.17,4511.85,94384595.6,Bitcoin,BTC,1966354865510.908,94380083.75
2022-08-20 22:00:00,21139.14,21245.72,21062.12,21121.43,1437.82,30400289.12,Bitcoin,BTC,642635967748.1569,30398851.3
2022-08-20 23:00:00,21142.06,21223.26,21087.88,21139.14,983.39,20798534.82,Bitcoin,BTC,439723871076.52924,20797551.43
2022-08-21 22:00:00,21567.65,21667.26,21285.06,21537.37,2848.45,61198012.77,Bitcoin,BTC,1319897320118.8906,61195164.32
2022-08-21 23:00:00,21514.79,21640.49,21511.08,21567.65,1215.14,26200423.77,Bitcoin,BTC,563696615322.5583,26199208.63
2022-08-22 22:00:00,21173.08,21240.65,21088.45,21102.27,1106.83,23451645.14,Bitcoin,BTC,496543558680.83124,23450538.310000002
2022-08-22 23:00:00,21399.66,21419.32,21156.03,21173.08,1708.5,36385155.95,Bitcoin,BTC,778629966376.977,36383447.45
2022-08-23 22:00:00,21479.92,21586.08,21475.98,21489.99,1208.95,26026546.36,Bitcoin,BTC,559048133689.0912,26025337.41
2022-08-23 23:00:00,21520.62,21599.49,21460.98,21479.92,1395.01,30038389.79,Bitcoin,BTC,646444772082.4697,30036994.779999997
2022-08-24 22:00:00,21494.5,21654.81,21455.84,21589.64,2523.07,54320209.77,Bitcoin,BTC,1167585748901.2651,54317686.7
2022-08-24 23:00:00,21369.05,21532.1,21364.94,21494.5,1845.03,39558762.72,Bitcoin,BTC,845333178501.8159,39556917.69
2022-08-25 22:00:00,21579.89,21625.31,21543.54,21581.69,1182.79,25534524.91,Bitcoin,BTC,551032238760.0599,25533342.12
2022-08-25 23:00:00,21565.47,21619.78,21520.21,21579.89,983.01,21207957.06,Bitcoin,BTC,457359561738.7182,21206974.049999997
2022-08-26 22:00:00,20616.16,20682.55,20592.32,20647.6,1530.88,31595549.43,Bitcoin,BTC,651378902336.7888,31594018.55
2022-08-26 23:00:00,20247.99,20633.28,20121.8,20616.16,6866.11,139366340.91,Bitcoin,BTC,2821888277082.271,139359474.79999998
2022-08-27 22:00:00,20023.83,20098.26,19867.73,19902.87,2194.74,43842648.0,Bitcoin,BTC,877897730301.8401,43840453.26
2022-08-27 23:00:00,20038.42,20086.76,19996.53,20023.83,1221.43,24473193.88,Bitcoin,BTC,490404137708.8695,24471972.45
2022-08-28 22:00:00,19902.28,20021.36,19881.26,19967.04,3306.85,65906694.32,Bitcoin,BTC,1311693484231.0496,65903387.47
2022-08-28 23:00:00,19554.08,19916.58,19527.69,19902.28,7248.99,142899509.79,Bitcoin,BTC,2794268446394.4434,142892260.79999998
2022-08-29 22:00:00,20198.47,20239.98,20161.1,20205.48,1383.71,27948705.08,Bitcoin,BTC,564521081097.2275,27947321.369999997
2022-08-29 23:00:00,20292.37,20348.81,20126.54,20198.47,2382.33,48269395.25,Bitcoin,BTC,979500428089.2424,48267012.92
2022-08-30 22:00:00,19908.55,19910.59,19777.77,19880.6,2687.14,53333022.64,Bitcoin,BTC,1061783147879.572,53330335.5
2022-08-30 23:00:00,19813.51,19927.38,19754.6,19908.55,2364.12,46901379.85,Bitcoin,BTC,929280958671.7734,46899015.730000004
2022-08-31 22:00:00,20153.07,20291.26,20089.43,20281.24,2039.51,41116576.03,Bitcoin,BTC,828625234892.9121,41114536.52
2022-08-31 23:00:00,20050.28,20155.62,19967.68,20153.07,2192.08,43927685.86,Bitcoin,BTC,880762401245.0408,43925493.78
2022-09-01 22:00:00,20077.94,20176.37,20070.35,20087.57,1920.6,38618676.33,Bitcoin,BTC,775383466233.1602,38616755.73
2022-09-01 23:00:00,20129.93,20148.0,20058.19,20077.94,894.89,17984931.78,Bitcoin,BTC,362035417786.1754,17984036.89
2022-09-02 22:00:00,19994.52,20017.72,19886.76,19978.91,1148.89,22926456.37,Bitcoin,BTC,458403490419.0924,22925307.48
2022-09-02 23:00:00,19957.44,20004.41,19929.47,19994.52,875.46,17473110.18,Bitcoin,BTC,348718548030.7392,17472234.72
2022-09-03 22:00:00,19795.03,19824.42,19752.01,19753.11,695.4,13769230.63,Bitcoin,BTC,272562333397.7689,13768535.23
2022-09-03 23:00:00,19834.79,19846.92,19765.56,19795.03,416.37,8243633.21,Bitcoin,BTC,163510733557.37592,8243216.84
2022-09-04 22:00:00,19834.61,19884.78,19820.7,19861.4,1157.54,22977803.26,Bitcoin,BTC,455755766318.8287,22976645.720000003
2022-09-04 23:00:00,20003.46,20022.47,19828.06,19834.61,1904.5,37997054.83,Bitcoin,BTC,760072566409.7118,37995150.33
2022-09-05 22:00:00,19805.9,19815.67,19727.11,19748.98,1188.21,23487240.57,Bitcoin,BTC,465185938005.36304,23486052.36
2022-09-05 23:00:00,19793.29,19864.25,19754.46,19805.9,1303.33,25807913.34,Bitcoin,BTC,510823513033.48865,25806610.01
2022-09-06 22:00:00,18913.16,18996.72,18884.37,18979.38,2142.1,40557662.13,Bitcoin,BTC,767073553090.6309,40555520.03
2022-09-06 23:00:00,18791.95,18923.82,18786.42,18913.16,2408.93,45418460.74,Bitcoin,BTC,853501443303.0431,45416051.81
2022-09-07 22:00:00,19340.38,19420.89,19319.7,19367.9,1410.16,27326628.11,Bitcoin,BTC,528507371766.0818,27325217.95
2022-09-07 23:00:00,19287.52,19352.21,19247.55,19340.38,1463.02,28232981.82,Bitcoin,BTC,544544201512.8864,28231518.8
2022-09-08 22:00:00,19306.9,19336.77,19258.03,19335.22,804.06,15513318.68,Bitcoin,BTC,299514092422.892,15512514.62
2022-09-08 23:00:00,19321.77,19338.9,19287.79,19306.9,557.16,10762533.83,Bitcoin,BTC,207951203280.4791,10761976.67
2022-09-09 22:00:00,21358.31,21405.81,21233.22,21260.12,1597.14,34072236.33,Bitcoin,BTC,727725385929.4023,34070639.19
2022-09-09 23:00:00,21369.73,21559.78,21260.67,21358.31,3575.9,76579876.47,Bitcoin,BTC,1636491283597.253,76576300.57
2022-09-10 22:00:00,21772.5,21807.62,21595.37,21608.52,2263.1,49116239.99,Bitcoin,BTC,1069383335182.275,49113976.89
2022-09-10 23:00:00,21655.13,21794.19,21651.05,21772.5,1267.05,27537034.4,Bitcoin,BTC,596318059746.472,27535767.349999998
2022-09-11 22:00:00,21642.43,21687.18,21515.27,21515.51,1806.1,39061717.1,Bitcoin,BTC,845390478016.5531,39059911.0
2022-09-11 23:00:00,21836.45,21850.77,21582.72,21642.43,1831.95,39781773.22,Bitcoin,BTC,868692701829.869,39779941.269999996
2022-09-12 22:00:00,22325.94,22404.91,22268.74,22342.58,1760.02,39312235.58,Bitcoin,BTC,877682612824.9451,39310475.559999995
2022-09-12 23:00:00,22400.52,22405.26,22318.54,22325.94,1283.56,28700137.61,Bitcoin,BTC,642898006535.5573,28698854.05
2022-09-13 22:00:00,20227.61,20262.25,20080.93,20135.9,2176.74,43910167.7,Bitcoin,BTC,888197747270.1971,43907990.96
2022-09-13 23:00:00,20173.77,20243.5,20109.66,20227.61,1888.46,38091921.24,Bitcoin,BTC,768457657953.8749,38090032.78
2022-09-14 22:00:00,20299.58,20389.91,20143.25,20208.91,2365.03,47937736.13,Bitcoin,BTC,973115909589.8256,47935371.1
2022-09-14 23:00:00,20233.68,20317.35,20200.32,20299.58,1357.89,27512318.25,Bitcoin,BTC,556675443528.66,27510960.36
2022-09-15 22:00:00,19733.43,19829.08,19593.32,19829.08,1942.0,38291987.33,Bitcoin,BTC,755632251537.4419,38290045.33
2022-09-15 23:00:00,19700.15,19756.54,19640.37,19733.43,1289.6,25397429.59,Bitcoin,BTC,500333172537.43854,25396139.99
2022-09-16 22:00:00,19729.35,19773.41,19704.06,19739.51,1891.91,37345465.94,Bitcoin,BTC,736801768443.3389,37343574.03
2022-09-16 23:00:00,19804.02,19805.98,19696.45,19729.35,1189.03,23465753.17,Bitcoin,BTC,464716245093.74347,23464564.14
2022-09-17 22:00:00,20129.27,20139.24,20032.81,20035.89,949.92,19093136.14,Bitcoin,BTC,384330892508.8178,19092186.22
2022-09-17 23:00:00,20118.35,20147.07,20100.58,20129.27,877.87,17663807.57,Bitcoin,BTC,355366663025.9095,17662929.7
2022-09-18 22:00:00,19451.01,19479.0,19345.98,19464.47,3022.6,58645501.75,Bitcoin,BTC,1140714240994.2673,58642479.15
2022-09-18 23:00:00,19417.72,19529.24,19382.28,19451.01,2107.93,41008479.05,Bitcoin,BTC,796291163818.766,41006371.12
2022-09-19 22:00:00,19607.56,19681.29,19469.48,19522.3,1453.9,28425144.66,Bitcoin,BTC,557347729429.6296,28423690.76
2022-09-19 23:00:00,19541.28,19638.04,19527.15,19607.56,1344.49,26309633.44,Bitcoin,BTC,514123913748.4032,26308288.950000003
2022-09-20 22:00:00,18964.21,18969.14,18842.81,18892.61,2000.17,37832378.88,Bitcoin,BTC,717461177879.8848,37830378.71
2022-09-20 23:00:00,18879.95,18969.86,18795.75,18964.21,1780.71,33594625.13,Bitcoin,BTC,634264842723.1436,33592844.42
2022-09-21 22:00:00,18488.96,18499.55,18189.92,18471.04,7301.52,133826016.64,Bitcoin,BTC,2474303868616.2944,133818715.12
2022-09-21 23:00:00,18468.05,18577.35,18432.74,18488.96,2539.26,46987309.21,Bitcoin,BTC,867763975855.7405,46984769.95
2022-09-22 22:00:00,19398.62,19432.57,19176.42,19178.15,2402.61,46454386.92,Bitcoin,BTC,901150999194.0504,46451984.31
2022-09-22 23:00:00,19405.96,19509.87,19365.34,19398.62,2031.1,39487110.69,Bitcoin,BTC,766285290565.7123,39485079.589999996
2022-09-23 22:00:00,19334.47,19339.12,19003.15,19011.8,4176.06,80016841.17,Bitcoin,BTC,1547083215096.1301,80012665.11
2022-09-23 23:00:00,19291.13,19399.76,19239.43,19334.47,1788.26,34585726.29,Bitcoin,BTC,667197742004.8077,34583938.03
2022-09-24 22:00:00,18886.04,18953.9,18813.25,18953.9,1989.57,37581074.85,Bitcoin,BTC,709757682860.0941,37579085.28
2022-09-24 23:00:00,18924.39,18954.08,18862.96,18886.04,1092.6,20663927.83,Bitcoin,BTC,391052229186.7737,20662835.229999997
2022-09-25 22:00:00,18791.2,18900.28,18652.6,18746.71,4034.68,75744642.87,Bitcoin,BTC,1423332733098.7441,75740608.19
2022-09-25 23:00:00,18809.94,18845.47,18737.0,18791.2,3027.96,56889448.35,Bitcoin,BTC,1070087110096.599,56886420.39
2022-09-26 22:00:00,19143.65,19208.65,19084.22,19102.65,1970.14,37710835.0,Bitcoin,BTC,721923026447.75,37708864.86
2022-09-26 23:00:00,19230.96,19248.59,19123.79,19143.65,2181.9,41879070.8,Bitcoin,BTC,805374735391.9679,41876888.9
2022-09-27 22:00:00,19079.65,19096.92,18930.51,18993.93,2615.75,49765660.17,Bitcoin,BTC,949511378062.5406,49763044.42
2022-09-27 23:00:00,19081.4,19163.15,19069.65,19079.65,1908.95,36486822.13,Bitcoin,BTC,696219647791.3821,36484913.18
2022-09-28 22:00:00,19486.56,19661.08,19414.76,19616.58,2304.58,45018532.32,Bitcoin,BTC,877256331165.6193,45016227.74
2022-09-28 23:00:00,19412.67,19555.98,19389.95,19486.56,1542.2,30022622.26,Bitcoin,BTC,582819258468.0342,30021080.060000002
2022-09-29 22:00:00,19457.9,19534.01,19421.71,19432.87,1778.6,34639826.76,Bitcoin,BTC,674018285113.404,34638048.16
2022-09-29 23:00:00,19593.46,19615.57,19434.22,19457.9,1807.61,35306962.69,Bitcoin,BTC,691785561188.0073,35305155.08
2022-09-30 22:00:00,19389.04,19401.09,19248.55,19362.32,1750.15,33833529.96,Bitcoin,BTC,655999665735.6384,33831779.81
2022-09-30 23:00:00,19425.63,19476.02,19365.82,19389.04,960.37,18655624.44,Bitcoin,BTC,362397257790.3972,18654664.07
2022-10-01 22:00:00,19328.36,19343.38,19275.47,19289.96,591.18,11416004.04,Bitcoin,BTC,220652635846.5744,11415412.86
2022-10-01 23:00:00,19313.96,19344.48,19293.78,19328.36,306.11,5913245.65,Bitcoin,BTC,114208189954.274,5912939.54
2022-10-02 22:00:00,19173.75,19299.18,19145.43,19198.44,3138.52,60274185.86,Bitcoin,BTC,1155682171133.175,60271047.339999996
2022-10-02 23:00:00,19058.15,19179.98,18929.91,19173.75,6060.32,115206138.52,Bitcoin,BTC,2195615868834.938,115200078.2
2022-10-03 22:00:00,19522.97,19600.8,19518.42,19555.4,1338.24,26163494.2,Bitcoin,BTC,510789112361.774,26162155.96
2022-10-03 23:00:00,19632.35,19697.23,19522.97,19522.97,2439.72,47899349.36,Bitcoin,BTC,940376791407.7959,47896909.64
2022-10-04 22:00:00,20302.53,20332.19,20245.23,20300.42,1601.39,32490230.66,Bitcoin,BTC,659633882681.5698,32488629.27
2022-10-04 23:00:00,20344.58,20389.61,20280.39,20302.53,1898.27,38595730.48,Bitcoin,BTC,785213926408.7983,38593832.20999999
2022-10-05 22:00:00,20194.6,20216.54,20024.3,20055.15,2026.03,40762549.79,Bitcoin,BTC,823183387989.1339,40760523.76
2022-10-05 23:00:00,20160.74,20201.16,20121.61,20194.6,1316.09,26530665.62,Bitcoin,BTC,534877851591.75885,26529349.53
2022-10-06 22:00:00,19902.39,19947.95,19866.54,19916.04,2662.89,53038557.89,Bitcoin,BTC,1055594064164.357,53035895.0
2022-10-06 23:00:00,19965.12,19975.1,19878.02,19902.39,1989.18,39657400.67,Bitcoin,BTC,791764763264.6304,39655411.49
2022-10-07 22:00:00,19552.7,19598.42,19546.25,19570.62,958.6,18760340.71,Bitcoin,BTC,366815313800.41705,18759382.11
2022-10-07 23:00:00,19532.81,19568.82,19512.85,19552.7,797.84,15593139.11,Bitcoin,BTC,304577823539.1991,15592341.27
2022-10-08 22:00:00,19362.97,19375.36,19273.73,19317.9,1449.9,28020289.0,Bitcoin,BTC,542556015298.33,28018839.1
2022-10-08 23:00:00,19419.32,19445.57,19359.8,19362.97,890.41,17283523.69,Bitcoin,BTC,335634277263.6908,17282633.28
2022-10-09 22:00:00,19399.31,19482.12,19373.96,19480.9,2610.0,50687463.49,Bitcoin,BTC,983301817356.192,50684853.49
2022-10-09 23:00:00,19442.41,19452.17,19374.36,19399.31,1363.03,26466160.67,Bitcoin,BTC,514565946872.0147,26464797.64
2022-10-10 22:00:00,19133.04,19251.19,19052.64,19244.71,2731.0,52218262.91,Bitcoin,BTC,999094112987.5464,52215531.91
2022-10-10 23:00:00,19131.36,19198.7,19123.95,19133.04,1347.01,25808246.81,Bitcoin,BTC,493746860690.9616,25806899.799999997
2022-10-11 22:00:00,19040.03,19056.1,18994.53,19004.47,1198.15,22801516.52,Bitcoin,BTC,434141558586.2956,22800318.37
2022-10-11 23:00:00,19058.29,19059.62,19005.32,19040.03,1051.48,20014487.49,Bitcoin,BTC,381441906785.7921,20013436.009999998
2022-10-12 22:00:00,19155.72,19231.72,19155.03,19181.55,1329.43,25510837.96,Bitcoin,BTC,488678468927.1312,25509508.53
2022-10-12 23:00:00,19154.85,19172.13,19136.38,19155.72,755.11,14464635.61,Bitcoin,BTC,277067925414.2085,14463880.5
2022-10-13 22:00:00,19436.23,19455.91,19393.62,19406.45,1589.54,30882401.51,Bitcoin,BTC,600237458700.7073,30880811.970000003
2022-10-13 23:00:00,19378.91,19444.88,19358.79,19436.23,1110.54,21539309.13,Bitcoin,BTC,417408333092.4483,21538198.59
2022-10-14 22:00:00,19161.37,19165.78,19091.61,19108.39,1074.63,20559493.64,Bitcoin,BTC,393948064648.68677,20558419.01
2022-10-14 23:00:00,19182.01,19196.8,19145.94,19161.37,669.03,12828548.76,Bitcoin,BTC,246077350599.8076,12827879.73
2022-10-15 22:00:00,19062.63,19091.06,19046.27,19069.13,808.51,15416046.34,Bitcoin,BTC,293870387442.27423,15415237.83
2022-10-15 23:00:00,19069.72,19129.3,18989.54,19062.63,1453.3,27692718.02,Bitcoin,BTC,528092378680.35443,27691264.72
2022-10-16 22:00:00,19299.32,19348.41,19121.13,19149.6,2171.59,41868414.38,Bitcoin,BTC,808031927012.2217,41866242.79
2022-10-16 23:00:00,19264.26,19314.97,19231.42,19299.32,1044.92,20133911.82,Bitcoin,BTC,387864912117.55316,20132866.9
2022-10-17 22:00:00,19518.46,19625.87,19475.69,19517.34,2302.99,45041607.07,Bitcoin,BTC,879142805931.5122,45039304.08
2022-10-17 23:00:00,19550.49,19574.64,19509.64,19518.46,1211.59,23687629.29,Bitcoin,BTC,463104759557.8521,23686417.7
2022-10-18 22:00:00,19321.87,19335.16,19259.13,19298.47,1544.69,29805807.17,Bitcoin,BTC,575903931383.8079,29804262.48
2022-10-18 23:00:00,19330.29,19370.29,19308.84,19321.87,1429.28,27644249.84,Bitcoin,BTC,534371366239.6536,27642820.56
2022-10-19 22:00:00,19142.38,19197.44,19107.23,19197.44,1716.28,32865616.23,Bitcoin,BTC,629126114808.8274,32863899.95
2022-10-19 23:00:00,19123.89,19161.71,19094.45,19142.38,1643.58,31443812.47,Bitcoin,BTC,601328010856.9082,31442168.89
2022-10-20 22:00:00,19036.08,19091.55,19003.74,19073.0,1497.46,28512540.27,Bitcoin,BTC,542766997582.94165,28511042.81
2022-10-20 23:00:00,19043.54,19049.95,18980.88,19036.08,1412.42,26869235.31,Bitcoin,BTC,511685357395.3974,26867822.889999997
2022-10-21 22:00:00,19190.77,19193.83,19155.37,19156.36,870.13,16685816.45,Bitcoin,BTC,320213665754.1665,16684946.319999998
2022-10-21 23:00:00,19166.4,19192.38,19163.59,19190.77,644.53,12361345.5,Bitcoin,BTC,236922492391.2,12360700.97
2022-10-22 22:00:00,19197.47,19209.01,19188.34,19206.78,383.64,7364818.0,Bitcoin,BTC,141385872610.46002,7364434.36
2022-10-22 23:00:00,19207.57,19209.8,19195.12,19197.47,348.62,6694488.44,Bitcoin,BTC,128584855325.4908,6694139.82
2022-10-23 22:00:00,19593.23,19687.8,19541.01,19541.94,6113.51,119928814.2,Bitcoin,BTC,2349792840247.866,119922700.69
2022-10-23 23:00:00,19572.6,19606.52,19524.58,19593.23,2397.08,46909003.44,Bitcoin,BTC,918131160729.7439,46906606.36
2022-10-24 22:00:00,19360.15,19374.96,19307.47,19366.27,1456.68,28167435.96,Bitcoin,BTC,545325785300.9941,28165979.28
2022-10-24 23:00:00,19331.06,19365.25,19324.3,19360.15,676.59,13088283.96,Bitcoin,BTC,253010402527.79764,13087607.370000001
2022-10-25 22:00:00,20068.53,20241.81,19995.46,20229.15,4119.5,82732783.21,Bitcoin,BTC,1660325341833.381,82728663.71
2022-10-25 23:00:00,20087.18,20135.22,20046.49,20068.53,2680.68,53851425.68,Bitcoin,BTC,1081723280890.7825,53848745.0
2022-10-26 22:00:00,20822.26,20905.97,20708.13,20749.88,4200.31,87450758.97,Bitcoin,BTC,1820922440470.672,87446558.66
2022-10-26 23:00:00,20776.76,20903.7,20745.57,20822.26,2306.8,48036302.14,Bitcoin,BTC,998038720850.2664,48033995.34
2022-10-27 22:00:00,20271.07,20422.67,20207.09,20410.03,3166.22,64321491.27,Bitcoin,BTC,1303865452038.5588,64318325.050000004
2022-10-27 23:00:00,20295.28,20300.84,20215.95,20271.07,2662.25,53964017.49,Bitcoin,BTC,1095214844884.4471,53961355.24
2022-10-28 22:00:00,20637.23,20640.76,20588.65,20599.81,1109.43,22871472.18,Bitcoin,BTC,472003831817.2614,22870362.75
2022-10-28 23:00:00,20599.89,20640.69,20584.12,20637.23,811.16,16716323.99,Bitcoin,BTC,344354435398.3611,16715512.83
2022-10-29 22:00:00,20766.25,20869.53,20715.58,20854.75,3224.97,67025131.22,Bitcoin,BTC,1391860631197.325,67021906.25
2022-10-29 23:00:00,20820.19,20823.73,20738.98,20766.25,1614.67,33568440.86,Bitcoin,BTC,698901316708.9634,33566826.19
2022-10-30 22:00:00,20592.52,20698.81,20523.41,20693.03,3149.9,64828082.67,Bitcoin,BTC,1334973588943.6284,64824932.77
2022-10-30 23:00:00,20630.65,20641.54,20558.97,20592.52,1397.77,28801774.79,Bitcoin,BTC,594199335071.3135,28800377.02
2022-10-31 22:00:00,20477.83,20492.94,20375.77,20407.68,1954.35,39959715.44,Bitcoin,BTC,818288259628.6952,39957761.089999996
2022-10-31 23:00:00,20492.56,20518.43,20464.79,20477.83,2252.25,46150562.68,Bitcoin,BTC,945743174753.6609,46148310.43
2022-11-01 22:00:00,20475.71,20484.46,20431.54,20448.48,1606.01,32847545.38,Bitcoin,BTC,672576813412.7197,32845939.369999997
2022-11-01 23:00:00,20480.27,20501.27,20456.32,20475.71,1139.13,23329780.52,Bitcoin,BTC,477800204090.3404,23328641.39
2022-11-02 22:00:00,20106.53,20169.27,20061.18,20151.65,2527.3,50824074.04,Bitcoin,BTC,1021895769407.4811,50821546.74
2022-11-02 23:00:00,20150.33,20165.34,20075.74,20106.53,2038.31,41043686.91,Bitcoin,BTC,827043835653.1803,41041648.599999994
2022-11-03 22:00:00,20194.35,20268.55,20161.11,20258.9,2481.68,50145340.11,Bitcoin,BTC,1012652549050.3784,50142858.43
2022-11-03 23:00:00,20207.99,20220.81,20164.26,20194.35,1122.76,22672706.68,Bitcoin,BTC,458169829862.3732,22671583.919999998
2022-11-04 22:00:00,21178.88,21206.58,21136.06,21173.95,1888.33,39983121.7,Bitcoin,BTC,846797736509.696,39981233.370000005
2022-11-04 23:00:00,21150.6,21203.26,21135.51,21178.88,1466.49,31038003.86,Bitcoin,BTC,656472404441.3159,31036537.37
2022-11-05 22:00:00,21300.23,21347.78,21292.53,21336.17,667.3,14226450.22,Bitcoin,BTC,303026661769.5506,14225782.92
2022-11-05 23:00:00,21301.57,21312.6,21242.3,21300.23,1121.02,23851625.43,Bitcoin,BTC,508077068710.9251,23850504.41
2022-11-06 22:00:00,21140.37,21174.94,21049.8,21130.06,1946.19,41100361.63,Bitcoin,BTC,868876851992.0032,41098415.440000005
2022-11-06 23:00:00,20910.59,21148.75,20893.65,21140.37,3921.73,82316400.4,Bitcoin,BTC,1721284499040.236,82312478.67
2022-11-07 22:00:00,20463.63,20685.0,20395.49,20683.02,5366.85,110207218.61,Bitcoin,BTC,2255239744964.1543,110201851.76
2022-11-07 23:00:00,20593.73,20608.06,20456.03,20463.63,4980.57,102327808.36,Bitcoin,BTC,2107311256857.5828,102322827.79
2022-11-08 22:00:00,18464.31,18724.99,18385.09,18700.83,5572.56,103432890.21,Bitcoin,BTC,1909816949033.405,103427317.64999999
2022-11-08 23:00:00,18544.7,18639.93,18376.07,18464.31,5159.85,95472118.22,Bitcoin,BTC,1770501790754.434,95466958.37
2022-11-09 22:00:00,15853.92,16033.87,15595.6,15732.48,11868.27,188017419.56,Bitcoin,BTC,2980813128310.6753,188005551.29
2022-11-09 23:00:00,15820.02,15856.04,15546.97,15853.92,11452.2,179825292.63,Bitcoin,BTC,2844839725912.4526,179813840.43
2022-11-10 22:00:00,17783.3,17848.55,17627.95,17810.47,3727.4,66167970.3,Bitcoin,BTC,1176684866235.99,66164242.9
2022-11-10 23:00:00,17559.67,17810.94,17447.94,17783.3,4527.28,79514397.03,Bitcoin,BTC,1396246572095.78,79509869.75
2022-11-11 22:00:00,16874.31,16938.08,16753.74,16757.02,3287.53,55473220.01,Bitcoin,BTC,936072311146.9431,55469932.48
2022-11-11 23:00:00,17007.72,17084.31,16793.58,16874.31,3895.91,65886137.79,Bitcoin,BTC,1120572983413.7388,65882241.88
2022-11-12 22:00:00,16808.2,16827.12,16767.24,16793.02,643.37,10809973.56,Bitcoin,BTC,181696197591.19202,10809330.190000001
2022-11-12 23:00:00,16773.9,16813.6,16737.24,16808.2,994.76,16686914.24,Bitcoin,BTC,279904630770.336,16685919.48
2022-11-13 22:00:00,16405.17,16451.12,16314.78,16369.37,1490.07,24401456.48,Bitcoin,BTC,400310041802.0016,24399966.41
2022-11-13 23:00:00,16307.47,16422.24,16254.95,16405.17,2796.87,45711300.46,Bitcoin,BTC,745435660912.4362,45708503.59
2022-11-14 22:00:00,16387.14,16503.94,16335.65,16381.24,1986.67,32561871.48,Bitcoin,BTC,533595946604.7672,32559884.81
2022-11-14 23:00:00,16592.04,16717.19,16382.74,16387.14,4099.25,68069274.28,Bitcoin,BTC,1129408121624.7312,68065175.03
2022-11-15 22:00:00,16854.65,16892.44,16827.71,16890.91,1377.63,23228462.51,Bitcoin,BTC,391507605644.1716,23227084.880000003
2022-11-15 23:00:00,16879.14,16882.13,16818.44,16854.65,1944.83,32768894.64,Bitcoin,BTC,553110760273.8096,32766949.810000002
2022-11-16 22:00:00,16647.08,16670.15,16489.92,16532.25,1857.95,30765412.25,Bitcoin,BTC,512154278958.73004,30763554.3
2022-11-16 23:00:00,16648.05,16745.29,16617.61,16647.08,3365.82,56117049.47,Bitcoin,BTC,934239445429.0334,56113683.65
2022-11-17 22:00:00,16699.81,16717.66,16658.4,16682.33,1487.71,24831043.58,Bitcoin,BTC,414673709887.7198,24829555.869999997
2022-11-17 23:00:00,16680.21,16712.49,16640.06,16699.81,1895.61,31622410.16,Bitcoin,BTC,527468442174.9336,31620514.55
2022-11-18 22:00:00,16644.84,16650.56,16610.01,16635.97,805.86,13399824.8,Bitcoin,BTC,223037939824.032,13399018.940000001
2022-11-18 23:00:00,16677.95,16700.79,16611.55,16644.84,1632.05,27182265.7,Bitcoin,BTC,453344468231.315,27180633.65
2022-11-19 22:00:00,16719.61,16798.75,16659.15,16661.54,1894.42,31706592.38,Bitcoin,BTC,530121859022.5718,31704697.959999997
2022-11-19 23:00:00,16683.72,16755.34,16674.57,16719.61,1460.28,24397861.3,Bitcoin,BTC,407047086528.036,24396401.02
2022-11-20 22:00:00,16271.05,16330.7,16169.2,16250.92,3353.99,54549593.14,Bitcoin,BTC,887579157460.5969,54546239.15
2022-11-20 23:00:00,16253.6,16294.03,16200.68,16271.05,3501.33,56883350.35,Bitcoin,BTC,924559223248.76,56879849.02
2022-11-21 22:00:00,15723.1,15837.67,15598.88,15631.36,6541.19,102728917.06,Bitcoin,BTC,1615217035826.0862,102722375.87
2022-11-21 23:00:00,15760.19,15831.4,15713.41,15723.1,3287.0,51836032.02,Bitcoin,BTC,816945713481.2839,51832745.02
2022-11-22 22:00:00,16159.06,16209.64,16077.32,16124.17,3038.2,49016086.4,Bitcoin,BTC,792053881102.7839,49013048.199999996
2022-11-22 23:00:00,16198.25,16206.68,16135.36,16159.06,2456.72,39728777.06,Bitcoin,BTC,643536663012.145,39726320.34
2022-11-23 22:00:00,16490.83,16514.71,16442.54,16466.76,1523.1,25094349.38,Bitcoin,BTC,413826649586.1854,25092826.279999997
2022-11-23 23:00:00,16590.98,16651.13,16480.3,16490.83,2371.04,39264500.47,Bitcoin,BTC,651436542007.7606,39262129.43
2022-11-24 22:00:00,16597.76,16618.37,16531.48,16541.1,911.95,15112912.9,Bitcoin,BTC,250840501215.10397,15112000.950000001
2022-11-24 23:00:00,16588.46,16608.03,16551.55,16597.76,1233.14,20446750.13,Bitcoin,BTC,339180096661.49976,20445516.99
2022-11-25 22:00:00,16518.59,16526.3,16475.28,16492.64,817.15,13490331.67,Bitcoin,BTC,222841257820.7453,13489514.52
2022-11-25 23:00:00,16508.33,16562.01,16487.72,16518.59,1098.53,18151838.54,Bitcoin,BTC,299656540725.0382,18150740.009999998
2022-11-26 22:00:00,16418.75,16508.63,16382.61,16505.59,1040.88,17120939.47,Bitcoin,BTC,281104424923.0625,17119898.59
2022-11-26 23:00:00,16451.53,16474.35,16413.26,16418.75,1073.91,17661958.13,Bitcoin,BTC,290566234034.43884,17660884.22
2022-11-27 22:00:00,16567.0,16587.07,16553.13,16570.79,814.55,13499959.57,Bitcoin,BTC,223653830196.19,13499145.02
2022-11-27 23:00:00,16420.87,16567.64,16401.91,16567.0,4088.53,67281258.25,Bitcoin,BTC,1104816795159.6775,67277169.72
2022-11-28 22:00:00,16213.83,16226.51,16193.14,16195.93,1293.37,20959348.73,Bitcoin,BTC,339831317218.9359,20958055.36
2022-11-28 23:00:00,16207.01,16237.71,16191.21,16213.83,1330.11,21564287.14,Bitcoin,BTC,349492617320.85144,21562957.03
2022-11-29 22:00:00,16485.52,16486.57,16450.1,16455.94,1120.8,18455403.66,Bitcoin,BTC,304246926145.00323,18454282.86
2022-11-29 23:00:00,16431.79,16506.1,16424.56,16485.52,1815.42,29874804.75,Bitcoin,BTC,490896517943.0025,29872989.33
2022-11-30 22:00:00,17153.66,17216.19,17068.69,17100.95,2679.75,45875883.48,Bitcoin,BTC,786939307415.5367,45873203.73
2022-11-30 23:00:00,17162.35,17216.6,17107.36,17153.66,4896.33,84037110.36,Bitcoin,BTC,1442274300986.9458,84032214.03
2022-12-01 22:00:00,16968.13,16985.26,16923.94,16931.14,967.9,16411154.45,Bitcoin,BTC,278466602157.6785,16410186.549999999
2022-12-01 23:00:00,16978.64,16979.36,16944.03,16968.13,1042.59,17683919.38,Bitcoin,BTC,300248900942.04315,17682876.79
2022-12-02 22:00:00,17043.43,17075.09,17012.74,17013.55,1220.95,20815906.2,Bitcoin,BTC,354774440206.266,20814685.25
2022-12-02 23:00:00,17094.49,17096.81,17043.13,17043.43,1456.84,24868074.73,Bitcoin,BTC,425107054791.23773,24866617.89
2022-12-03 22:00:00,16905.14,16950.98,16868.66,16948.64,1906.61,32229872.05,Bitcoin,BTC,544850499187.337,32227965.44
2022-12-03 23:00:00,16888.31,16917.43,16877.46,16905.14,1301.05,21989027.45,Bitcoin,BTC,371357512174.1095,21987726.4
2022-12-04 22:00:00,17107.04,17134.18,17082.66,17114.31,857.83,14674056.36,Bitcoin,BTC,251029669112.7744,14673198.53
2022-12-04 23:00:00,17111.76,17194.4,17087.86,17107.04,2363.16,40491324.49,Bitcoin,BTC,692877826755.0023,40488961.330000006
2022-12-05 22:00:00,16946.71,16976.18,16935.5,16975.66,1171.5,19861860.27,Bitcoin,BTC,336593186056.2117,19860688.77
2022-12-05 23:00:00,16966.84,16986.35,16926.23,16946.71,1697.62,28789825.88,Bitcoin,BTC,488472369333.8192,28788128.259999998
2022-12-06 22:00:00,16974.54,16996.18,16967.5,16994.76,735.6,12493255.1,Bitcoin,BTC,212067258425.154,12492519.5
2022-12-06 23:00:00,17086.52,17099.66,16973.36,16974.54,3735.09,63673104.12,Bitcoin,BTC,1087951767008.4624,63669369.029999994
2022-12-07 22:00:00,16843.62,16852.54,16802.97,16831.31,1542.93,25969178.2,Bitcoin,BTC,437414969313.084,25967635.27
2022-12-07 23:00:00,16837.85,16863.65,16831.35,16843.62,1415.29,23848259.1,Bitcoin,BTC,401553409486.935,23846843.810000002
2022-12-08 22:00:00,17204.18,17240.38,17181.26,17182.49,1796.32,30920461.56,Bitcoin,BTC,531961186361.3208,30918665.24
2022-12-08 23:00:00,17226.02,17260.21,17201.33,17204.18,2759.17,47539402.04,Bitcoin,BTC,818914690329.0808,47536642.87
2022-12-09 22:00:00,17132.54,17132.54,17108.71,17114.59,950.28,16270530.19,Bitcoin,BTC,278755509301.3826,16269579.91
2022-12-09 23:00:00,17126.85,17155.09,17120.22,17132.54,1217.14,20857323.26,Bitcoin,BTC,357220246875.531,20856106.12
2022-12-10 22:00:00,17137.18,17155.35,17118.87,17131.27,959.4,16441657.8,Bitcoin,BTC,281763649217.004,16440698.4
2022-12-10 23:00:00,17129.19,17147.03,17102.71,17137.18,1079.72,18490239.5,Bitcoin,BTC,316722825541.005,18489159.78
2022-12-11 22:00:00,17107.28,17130.57,17100.5,17115.39,1136.05,19444607.53,Bitcoin,BTC,332644345505.8184,19443471.48
2022-12-11 23:00:00,17094.83,17128.17,17080.42,17107.28,1974.74,33771886.98,Bitcoin,BTC,577324666702.3134,33769912.239999995
2022-12-12 22:00:00,17161.36,17192.15,17146.58,17176.29,1658.7,28475591.94,Bitcoin,BTC,488679884495.4384,28473933.240000002
2022-12-12 23:00:00,17208.66,17239.13,17159.44,17161.36,2507.42,43120867.78,Bitcoin,BTC,742052352530.9749,43118360.36
2022-12-13 22:00:00,17767.07,17779.46,17706.48,17763.49,1699.46,30159663.56,Bitcoin,BTC,535848853646.9692,30157964.099999998
2022-12-13 23:00:00,17775.32,17805.05,17743.52,17767.07,1735.46,30848557.65,Bitcoin,BTC,548342983767.19794,30846822.189999998
2022-12-14 22:00:00,17824.39,17870.15,17802.28,17828.61,1788.16,31885422.79,Bitcoin,BTC,568338211123.848,31883634.63
2022-12-14 23:00:00,17801.37,17841.97,17787.27,17824.39,1944.29,34627389.73,Bitcoin,BTC,616414976717.93,34625445.44
2022-12-15 22:00:00,17345.16,17405.44,17296.89,17393.81,3795.45,65835460.87,Bitcoin,BTC,1141926602463.8892,65831665.419999994
2022-12-15 23:00:00,17359.21,17373.61,17298.89,17345.16,2659.14,46117971.2,Bitcoin,BTC,800571546834.752,46115312.06
2022-12-16 22:00:00,16743.4,16866.59,16737.36,16837.92,4003.99,67226601.28,Bitcoin,BTC,1125601875871.552,67222597.29
2022-12-16 23:00:00,16658.44,16746.04,16611.58,16743.4,7301.36,121328692.61,Bitcoin,BTC,2021146746122.1282,121321391.25
2022-12-17 22:00:00,16739.47,16757.72,16707.44,16714.9,1009.64,16890582.75,Bitcoin,BTC,282739403226.1425,16889573.11
2022-12-17 23:00:00,16780.55,16794.06,16732.18,16739.47,2227.29,37345911.12,Bitcoin,BTC,626684928844.716,37343683.83
2022-12-18 22:00:00,16766.56,16830.84,16739.97,16750.69,1862.93,31273409.36,Bitcoin,BTC,524347494439.00165,31271546.43
2022-12-18 23:00:00,16742.74,16814.26,16738.94,16766.56,2437.47,40915059.32,Bitcoin,BTC,685030200279.3369,40912621.85
2022-12-19 22:00:00,16407.42,16601.71,16350.32,16585.57,7531.53,123812771.85,Bitcoin,BTC,2031448149107.1267,123805240.32
2022-12-19 23:00:00,16442.79,16450.59,16380.0,16407.42,3746.75,61506054.91,Bitcoin,BTC,1011331144613.5989,61502308.16
2022-12-20 22:00:00,16869.9,16904.59,16859.96,16883.15,1671.23,28211776.71,Bitcoin,BTC,475929851920.02905,28210105.48
2022-12-20 23:00:00,16901.12,16923.38,16869.38,16869.9,1899.06,32097883.75,Bitcoin,BTC,542490185004.8,32095984.69
2022-12-21 22:00:00,16765.58,16792.58,16760.9,16789.05,1039.77,17442229.04,Bitcoin,BTC,292429086348.44324,17441189.27
2022-12-21 23:00:00,16821.13,16821.17,16754.32,16765.58,2188.22,36744051.93,Bitcoin,BTC,618076474241.2809,36741863.71
2022-12-22 22:00:00,16796.82,16834.53,16781.04,16789.93,1734.83,29155061.97,Bitcoin,BTC,489712327998.93536,29153327.14
2022-12-22 23:00:00,16816.01,16823.43,16794.66,16796.82,1178.66,19815354.16,Bitcoin,BTC,333215193708.10156,19814175.5
2022-12-23 22:00:00,16787.26,16810.86,16765.97,16810.1,2149.52,36075544.78,Bitcoin,BTC,605609549863.5028,36073395.26
2022-12-23 23:00:00,16780.97,16794.73,16775.89,16787.26,1370.13,22995884.24,Bitcoin,BTC,385893243554.9128,22994514.11
2022-12-24 22:00:00,16828.39,16838.02,16817.82,16828.15,658.15,11076719.2,Bitcoin,BTC,186403350618.08798,11076061.049999999
2022-12-24 23:00:00,16837.16,16848.02,16815.69,16828.39,926.12,15589106.52,Bitcoin,BTC,262476280734.2832,15588180.4
2022-12-25 22:00:00,16817.56,16837.5,16808.62,16824.16,859.59,14460838.29,Bitcoin,BTC,243196015592.3724,14459978.7
2022-12-25 23:00:00,16829.1,16833.08,16812.46,16817.56,977.14,16439334.66,Bitcoin,BTC,276659206926.60596,16438357.52
2022-12-26 22:00:00,16836.85,16844.73,16829.74,16832.3,472.55,7956663.94,Bitcoin,BTC,133965157258.189,7956191.390000001
2022-12-26 23:00:00,16916.07,16926.73,16820.46,16836.85,3046.02,51391707.23,Bitcoin,BTC,869345716922.186,51388661.20999999
2022-12-27 22:00:00,16684.08,16699.11,16679.52,16697.43,1130.01,18859198.55,Bitcoin,BTC,314648377344.08405,18858068.54
2022-12-27 23:00:00,16700.54,16714.19,16680.08,16684.08,1344.07,22445674.53,Bitcoin,BTC,374854885315.2462,22444330.46
2022-12-28 22:00:00,16514.57,16530.85,16479.34,16521.16,2901.27,47868636.59,Bitcoin,BTC,790529949770.1163,47865735.32
2022-12-28 23:00:00,16540.47,16550.16,16511.52,16514.57,2387.83,39477315.49,Bitcoin,BTC,652973352542.8804,39474927.660000004
2022-12-29 22:00:00,16615.14,16628.14,16590.28,16592.03,1182.62,19643853.95,Bitcoin,BTC,326385383518.803,19642671.33
2022-12-29 23:00:00,16631.24,16643.03,16607.16,16615.14,1992.5,33130605.1,Bitcoin,BTC,551003044763.3241,33128612.6
2022-12-30 22:00:00,16574.66,16582.13,16566.43,16574.47,1571.37,26055789.95,Bitcoin,BTC,431865859452.667,26054218.58
2022-12-30 23:00:00,16599.47,16605.3,16566.69,16574.66,1664.58,27619403.19,Bitcoin,BTC,458467454670.3093,27617738.610000003
2022-12-31 22:00:00,16513.48,16556.14,16487.05,16542.96,2343.4,38718671.54,Bitcoin,BTC,639380008102.3591,38716328.14
2022-12-31 23:00:00,16531.31,16540.12,16489.61,16513.48,1565.81,25861336.28,Bitcoin,BTC,427521767058.9269,25859770.470000003
2023-01-01 22:00:00,16596.33,16607.08,16583.66,16600.97,769.34,12767336.54,Bitcoin,BTC,211890930438.8982,12766567.2
2023-01-01 23:00:00,16613.87,16617.25,16595.48,16596.33,1058.1,17571275.97,Bitcoin,BTC,291926894699.70386,17570217.869999997
2023-01-02 22:00:00,16693.97,16753.78,16690.75,16750.63,1591.73,26608927.88,Bitcoin,BTC,444208643760.8836,26607336.15
2023-01-02 23:00:00,16670.08,16715.08,16665.46,16693.97,2101.46,35081445.49,Bitcoin,BTC,584810502833.9393,35079344.03
2023-01-03 22:00:00,16670.29,16671.32,16644.99,16660.86,756.92,12606966.27,Bitcoin,BTC,210161783741.11832,12606209.35
2023-01-03 23:00:00,16670.16,16685.09,16664.89,16670.29,1048.11,17475632.95,Bitcoin,BTC,291321597377.772,17474584.84
2023-01-04 22:00:00,16823.53,16838.32,16813.08,16820.83,816.87,13744481.01,Bitcoin,BTC,231230688606.16528,13743664.14
2023-01-04 23:00:00,16846.82,16860.5,16813.79,16823.53,1505.54,25355652.24,Bitcoin,BTC,427162109269.8768,25354146.7
2023-01-05 22:00:00,16833.03,16851.58,16830.49,16844.01,599.39,10094817.87,Bitcoin,BTC,169926372050.24606,10094218.479999999
2023-01-05 23:00:00,16825.87,16841.37,16817.36,16833.03,1246.65,20977561.64,Bitcoin,BTC,352965725071.6268,20976314.990000002
2023-01-06 22:00:00,16952.08,16960.12,16924.21,16924.88,1474.26,24983176.25,Bitcoin,BTC,423516802444.10004,24981701.99
2023-01-06 23:00:00,16946.16,16973.42,16941.83,16952.08,1804.58,30602017.57,Bitcoin,BTC,518586686064.0312,30600212.990000002
2023-01-07 22:00:00,16934.59,16938.23,16928.85,16936.1,446.75,7565149.94,Bitcoin,BTC,128112712522.4246,7564703.19
2023-01-07 23:00:00,16942.73,16944.94,16928.92,16934.59,502.09,8505226.5,Bitcoin,BTC,144101756178.345,8504724.41
2023-01-08 22:00:00,16963.03,16972.95,16952.31,16954.81,692.51,11747892.46,Bitcoin,BTC,199279852235.7538,11747199.950000001
2023-01-08 23:00:00,17115.81,17132.21,16963.03,16963.03,5213.34,88894705.35,Bitcoin,BTC,1521504886776.5835,88889492.00999999
2023-01-09 22:00:00,17201.87,17220.7,17169.32,17178.41,1621.72,27889051.86,Bitcoin,BTC,479743844518.97815,27887430.14
2023-01-09 23:00:00,17179.03,17202.88,17133.62,17201.87,2301.05,39511415.72,Bitcoin,BTC,678767795996.3516,39509114.67
2023-01-10 22:00:00,17434.99,17469.27,17424.75,17469.26,2188.0,38158997.25,Bitcoin,BTC,665301735463.7776,38156809.25
2023-01-10 23:00:00,17442.44,17444.97,17411.27,17434.99,2136.41,37227714.94,Bitcoin,BTC,649342184178.0535,37225578.53
2023-01-11 22:00:00,17565.72,17589.63,17521.37,17558.62,3756.16,65943380.79,Bitcoin,BTC,1158342962810.5188,65939624.63
2023-01-11 23:00:00,17938.0,17986.45,17554.33,17565.72,10725.98,190952974.51,Bitcoin,BTC,3425314456760.38,190942248.53
2023-01-12 22:00:00,18915.74,18927.86,18793.26,18834.66,2127.57,40096874.5,Bitcoin,BTC,758462052854.63,40094746.93
2023-01-12 23:00:00,18849.0,18915.74,18848.94,18915.74,2275.65,42961395.45,Bitcoin,BTC,809779342837.05,42959119.800000004
2023-01-13 22:00:00,19854.8,19992.23,19797.98,19813.29,7623.68,151760936.52,Bitcoin,BTC,3013183042417.296,151753312.84
2023-01-13 23:00:00,19932.05,19943.09,19746.35,19854.8,4469.59,88726084.73,Bitcoin,BTC,1768492757142.5964,88721615.14
2023-01-14 22:00:00,20992.55,21009.33,20866.37,20902.61,1504.31,31483660.14,Bitcoin,BTC,660922309671.957,31482155.830000002
2023-01-14 23:00:00,20954.52,21069.32,20947.87,20992.55,2922.72,61421974.81,Bitcoin,BTC,1287067999595.6414,61419052.09
2023-01-15 22:00:00,20920.48,20955.25,20759.5,20903.64,1486.28,30984704.28,Bitcoin,BTC,648214886195.6544,30983218.0
2023-01-15 23:00:00,20878.94,20932.57,20845.88,20920.48,1279.94,26728935.04,Bitcoin,BTC,558071830964.0575,26727655.099999998
2023-01-16 22:00:00,21187.61,21222.94,21131.34,21132.78,1237.71,26213694.69,Bitcoin,BTC,555405539750.7909,26212456.98
2023-01-16 23:00:00,21188.92,21225.39,21108.93,21187.61,1510.98,31988273.68,Bitcoin,BTC,677796971943.6255,31986762.7
2023-01-17 22:00:00,21234.72,21346.92,21217.12,21315.5,1821.71,38783836.9,Bitcoin,BTC,823563917097.168,38782015.19
2023-01-17 23:00:00,21136.12,21273.11,21130.92,21234.72,2687.35,56958792.05,Bitcoin,BTC,1203887863823.846,56956104.699999996
2023-01-18 22:00:00,20809.77,20810.64,20656.77,20780.0,4383.33,90860336.6,Bitcoin,BTC,1890782706768.582,90855953.27
2023-01-18 23:00:00,20678.47,20811.59,20661.5,20809.77,3692.46,76539100.35,Bitcoin,BTC,1582711490414.4644,76535407.89
2023-01-19 22:00:00,21069.82,21078.61,20935.23,20938.64,2122.14,44581417.28,Bitcoin,BTC,939322437434.4896,44579295.14
2023-01-19 23:00:00,21082.28,21111.8,21021.21,21069.82,2272.63,47875933.22,Bitcoin,BTC,1009333829405.3416,47873660.589999996
2023-01-20 22:00:00,22583.39,22682.01,22321.6,22321.61,8044.27,181291202.55,Bitcoin,BTC,4094169930755.6445,181283158.28
2023-01-20 23:00:00,22676.2,22724.89,22583.39,22583.39,4884.14,110590978.36,Bitcoin,BTC,2507783143487.032,110586094.22
2023-01-21 22:00:00,22926.91,23212.9,22924.28,23201.88,3507.9,80911557.56,Bitcoin,BTC,1855051998137.9397,80908049.66
2023-01-21 23:00:00,22789.92,22966.96,22746.97,22926.91,6579.43,150295499.39,Bitcoin,BTC,3425222407458.1484,150288919.95999998
2023-01-22 22:00:00,22686.99,22691.59,22551.52,22594.21,1857.84,41997733.08,Bitcoin,BTC,952802150408.6293,41995875.239999995
2023-01-22 23:00:00,22714.99,22771.15,22654.92,22686.99,2473.73,56193973.58,Bitcoin,BTC,1276445547929.9644,56191499.85
2023-01-23 22:00:00,22917.68,23029.35,22877.73,22997.22,1841.35,42288851.0,Bitcoin,BTC,969162354785.68,42287009.65
2023-01-23 23:00:00,22917.47,22957.94,22880.74,22917.68,1821.01,41740216.73,Bitcoin,BTC,956580164703.2731,41738395.72
2023-01-24 22:00:00,22761.16,22923.77,22689.36,22907.73,5140.97,117270255.75,Bitcoin,BTC,2669207054366.67,117265114.78
2023-01-24 23:00:00,22637.8,22775.21,22485.0,22761.16,8153.93,184464046.5,Bitcoin,BTC,4175860191857.6997,184455892.57
2023-01-25 22:00:00,22944.37,23801.04,22872.88,23583.73,12438.53,290341335.1,Bitcoin,BTC,6661699018828.388,290328896.57000005
2023-01-25 23:00:00,23066.28,23206.98,22897.68,22944.37,5840.36,134697324.74,Bitcoin,BTC,3106966207703.767,134691484.38
2023-01-26 22:00:00,23002.43,23126.3,22992.87,23077.35,1760.75,40588440.36,Bitcoin,BTC,933632758190.0748,40586679.61
2023-01-26 23:00:00,23009.15,23033.71,22973.47,23002.43,1724.37,39669844.66,Bitcoin,BTC,912769406258.6389,39668120.29
2023-01-27 22:00:00,23008.97,23102.08,22984.58,23094.1,1866.96,43000049.05,Bitcoin,BTC,989386838589.9785,42998182.089999996
2023-01-27 23:00:00,23077.75,23087.04,23007.25,23008.97,980.67,22614025.71,Bitcoin,BTC,521880831828.9525,22613045.04
2023-01-28 22:00:00,22985.96,23019.13,22985.67,23006.78,1205.39,27724223.94,Bitcoin,BTC,637267902515.8824,27723018.55
2023-01-28 23:00:00,23031.02,23034.57,22973.7,22985.96,577.04,13271660.71,Bitcoin,BTC,305659883245.22424,13271083.670000002
2023-01-29 22:00:00,23762.97,23818.46,23726.25,23798.29,1269.14,30178248.5,Bitcoin,BTC,717124813758.045,30176979.36
2023-01-29 23:00:00,23747.26,23875.29,23734.32,23762.97,2588.59,61600623.93,Bitcoin,BTC,1462846032627.9316,61598035.339999996
2023-01-30 22:00:00,22732.61,22770.19,22577.01,22750.58,3121.01,70827198.99,Bitcoin,BTC,1610087092032.0637,70824077.97999999
2023-01-30 23:00:00,22833.34,22839.95,22715.72,22732.61,2761.64,62914118.5,Bitcoin,BTC,1436539458510.79,62911356.86
2023-01-31 22:00:00,23181.32,23271.14,22882.1,22945.33,3286.25,75861098.06,Bitcoin,BTC,1758560389680.2393,75857811.81
2023-01-31 23:00:00,23129.7,23185.44,23088.71,23181.32,2535.4,58631786.45,Bitcoin,BTC,1356135631052.5652,58629251.050000004
2023-02-01 22:00:00,23715.85,23799.9,23661.91,23681.35,2100.13,49858117.71,Bitcoin,BTC,1182427640892.7034,49856017.58
2023-02-01 23:00:00,23730.52,23782.65,23691.62,23715.85,1562.68,37088249.59,Bitcoin,BTC,880123448660.4869,37086686.910000004
2023-02-02 22:00:00,23567.87,23615.56,23423.04,23501.65,2548.17,59962757.0,Bitcoin,BTC,1413194461817.5898,59960208.83
2023-02-02 23:00:00,23470.8,23599.42,23445.26,23567.87,1967.33,46264829.89,Bitcoin,BTC,1085872569382.212,46262862.56
2023-02-03 22:00:00,23433.56,23444.3,23384.36,23385.79,1247.54,29203360.58,Bitcoin,BTC,684338702353.0648,29202113.04
2023-02-03 23:00:00,23437.21,23471.88,23414.25,23433.56,857.21,20096856.58,Bitcoin,BTC,471014248005.34174,20095999.369999997
2023-02-04 22:00:00,23410.8,23446.98,23401.67,23420.87,425.29,9961022.32,Bitcoin,BTC,233195501329.056,9960597.030000001
2023-02-04 23:00:00,23332.1,23424.9,23283.31,23410.8,1178.52,27509028.09,Bitcoin,BTC,641843394298.689,27507849.57
2023-02-05 22:00:00,22994.34,23031.28,22899.69,22902.81,1684.04,38695998.87,Bitcoin,BTC,889788954656.3958,38694314.83
2023-02-05 23:00:00,22940.79,23004.24,22920.44,22994.34,1456.47,33441411.72,Bitcoin,BTC,767172403572.0588,33439955.25
2023-02-06 22:00:00,22883.91,22922.45,22854.49,22919.54,1166.74,26700692.38,Bitcoin,BTC,611016241361.6057,26699525.64
2023-02-06 23:00:00,22761.44,22886.42,22655.5,22883.91,4194.66,95399595.72,Bitcoin,BTC,2171432174005.0366,95395401.06
2023-02-07 22:00:00,23231.12,23301.93,23152.78,23199.23,1339.52,31103350.0,Bitcoin,BTC,722565656252.0,31102010.48
2023-02-07 23:00:00,23252.78,23294.28,23230.75,23231.12,1052.45,24484797.62,Bitcoin,BTC,569339612402.3835,24483745.17
2023-02-08 22:00:00,22932.5,22973.3,22926.87,22960.31,412.61,9472798.87,Bitcoin,BTC,217234960086.275,9472386.26
2023-02-08 23:00:00,22961.13,22963.07,22878.43,22932.5,1052.94,24136423.58,Bitcoin,BTC,554199559555.4454,24135370.639999997
2023-02-09 22:00:00,21783.37,21961.8,21741.16,21863.8,3457.39,75598071.36,Bitcoin,BTC,1646780759721.2832,75594613.97
2023-02-09 23:00:00,21807.55,21862.31,21764.5,21783.37,2644.91,57741318.19,Bitcoin,BTC,1259196683494.3345,57738673.28
2023-02-10 22:00:00,21576.21,21627.0,21529.23,21544.65,2081.74,44922959.95,Bitcoin,BTC,969267217702.7896,44920878.21
2023-02-10 23:00:00,21634.86,21659.06,21566.64,21576.21,1504.96,32525846.87,Bitcoin,BTC,703692143413.8882,32524341.91
2023-02-11 22:00:00,21827.45,21871.17,21785.72,21823.77,1521.75,33235215.8,Bitcoin,BTC,725440011113.7101,33233694.05
2023-02-11 23:00:00,21862.19,21897.19,21816.83,21827.45,1072.89,23453736.76,Bitcoin,BTC,512750049257.10443,23452663.87
2023-02-12 22:00:00,21796.29,21822.19,21659.69,21746.05,2927.16,63624798.59,Bitcoin,BTC,1386784561259.2312,63621871.43000001
2023-02-12 23:00:00,21790.14,21827.54,21737.7,21796.29,2122.11,46210136.39,Bitcoin,BTC,1006925341357.1946,46208014.28
2023-02-13 22:00:00,21649.94,21683.67,21617.56,21627.31,795.37,17214404.37,Bitcoin,BTC,372690821746.2378,17213609.0
2023-02-13 23:00:00,21787.77,21850.37,21646.95,21649.94,2794.66,60862067.2,Bitcoin,BTC,1326048721878.144,60859272.54000001
2023-02-14 22:00:00,22192.26,22254.36,22165.07,22251.55,1020.34,22659139.77,Bitcoin,BTC,502857521152.1802,22658119.43
2023-02-14 23:00:00,22208.56,22257.98,22178.18,22192.26,992.05,22047876.34,Bitcoin,BTC,489651584569.4704,22046884.29
2023-02-15 22:00:00,24169.55,24335.66,24127.21,24173.85,5034.41,122110966.61,Bitcoin,BTC,2951367113028.7256,122105932.2
2023-02-15 23:00:00,24332.21,24338.52,24167.21,24169.55,3536.1,85837062.41,Bitcoin,BTC,2088605428343.2258,85833526.31
2023-02-16 22:00:00,24009.0,24552.52,24007.78,24530.93,6050.81,146449847.35,Bitcoin,BTC,3516114385026.15,146443796.54
2023-02-16 23:00:00,23533.22,24085.67,23522.57,24009.0,9890.12,235235664.16,Bitcoin,BTC,5535852636523.3955,235225774.04
2023-02-17 22:00:00,24689.06,24731.63,24078.92,24482.77,6862.72,167453170.81,Bitcoin,BTC,4134261381318.339,167446308.09
2023-02-17 23:00:00,24578.28,24739.91,24524.99,24689.06,2842.32,69999164.68,Bitcoin,BTC,1720459069271.1504,69996322.36000001
2023-02-18 22:00:00,24634.41,24666.25,24606.17,24620.15,489.67,12064103.64,Bitcoin,BTC,297192075350.25244,12063613.97
2023-02-18 23:00:00,24638.27,24668.52,24625.39,24634.41,569.56,14035297.33,Bitcoin,BTC,345805445146.8191,14034727.77
2023-02-19 22:00:00,24497.11,24567.1,24463.08,24544.62,921.63,22594075.91,Bitcoin,BTC,553489562915.6201,22593154.28
2023-02-19 23:00:00,24287.53,24497.82,24253.13,24497.11,3204.27,78111206.89,Bitcoin,BTC,1897128280677.0815,78108002.62
2023-02-20 22:00:00,24702.97,24779.13,24682.28,24771.84,1376.19,34021275.17,Bitcoin,BTC,840426539886.255,34019898.980000004
2023-02-20 23:00:00,24838.09,24840.24,24700.87,24702.97,1093.33,27098344.78,Bitcoin,BTC,673071126496.6703,27097251.450000003
2023-02-21 22:00:00,24387.45,24423.13,24173.88,24192.86,2315.56,56277097.38,Bitcoin,BTC,1372454898499.881,56274781.82
2023-02-21 23:00:00,24450.5,24450.96,24348.65,24387.45,1546.25,37713719.38,Bitcoin,BTC,922119295700.6901,37712173.13
2023-02-22 22:00:00,24099.28,24100.69,23790.62,23804.3,2260.85,54205578.77,Bitcoin,BTC,1306315420340.2856,54203317.92
2023-02-22 23:00:00,24186.92,24210.89,24095.55,24099.28,3109.43,75130279.68,Bitcoin,BTC,1817170064197.7856,75127170.25
2023-02-23 22:00:00,23874.23,23899.41,23768.76,23875.84,1905.64,45411753.87,Bitcoin,BTC,1084170656595.77,45409848.23
2023-02-23 23:00:00,23941.1,23955.32,23839.47,23874.23,1539.27,36786198.89,Bitcoin,BTC,880702066245.3789,36784659.62
2023-02-24 22:00:00,23113.63,23151.67,22985.13,23107.72,2098.49,48408574.04,Bitcoin,BTC,1118897869188.1653,48406475.55
2023-02-24 23:00:00,23189.78,23206.43,23058.51,23113.63,1794.95,41556062.43,Bitcoin,BTC,963675945417.9653,41554267.48
2023-02-25 22:00:00,23125.11,23160.6,22914.26,22944.16,1435.25,33082929.46,Bitcoin,BTC,765046382884.7406,33081494.21
2023-02-25 23:00:00,23167.45,23183.34,23111.17,23125.11,1065.24,24662880.14,Bitcoin,BTC,571376042499.443,24661814.900000002
2023-02-26 22:00:00,23470.11,23588.8,23332.98,23558.14,2324.72,54480010.67,Bitcoin,BTC,1278651843226.0737,54477685.95
2023-02-26 23:00:00,23557.39,23607.85,23461.45,23470.11,2076.77,48887932.4,Bitcoin,BTC,1151672089840.436,48885855.629999995
2023-02-27 22:00:00,23481.91,23532.77,23366.31,23383.91,1282.84,30065210.61,Bitcoin,BTC,705988569675.0651,30063927.77
2023-02-27 23:00:00,23490.07,23573.02,23451.69,23481.91,1379.29,32422148.54,Bitcoin,BTC,761598538754.9978,32420769.25
2023-02-28 22:00:00,23162.92,23239.49,23115.75,23144.98,1592.35,36916879.17,Bitcoin,BTC,855102718864.3763,36915286.82
2023-02-28 23:00:00,23134.2,23195.49,23110.88,23162.92,1517.18,35122139.47,Bitcoin,BTC,812522598926.874,35120622.29
2023-03-01 22:00:00,23537.5,23571.52,23452.88,23560.6,1155.0,27153562.89,Bitcoin,BTC,639126986523.375,27152407.89
2023-03-01 23:00:00,23641.2,23667.62,23512.12,23537.5,1440.08,33980756.96,Bitcoin,BTC,803345871442.7521,33979316.88
2023-03-02 22:00:00,23470.84,23552.21,23415.36,23420.65,1260.94,29628288.49,Bitcoin,BTC,695400818622.6316,29627027.549999997
2023-03-02 23:00:00,23467.22,23503.18,23439.29,23470.84,1123.83,26377568.61,Bitcoin,BTC,619008205635.9642,26376444.78
2023-03-03 22:00:00,22329.37,22338.33,22236.64,22245.08,901.31,20090445.9,Bitcoin,BTC,448606999966.08295,20089544.59
2023-03-03 23:00:00,22361.45,22378.77,22323.48,22329.37,1167.9,26105132.8,Bitcoin,BTC,583748621850.56,26103964.900000002
2023-03-04 22:00:00,22311.46,22356.58,22214.95,22219.58,950.55,21202449.29,Bitcoin,BTC,473057599235.86334,21201498.74
2023-03-04 23:00:00,22351.08,22352.28,22302.56,22311.46,476.12,10632637.83,Bitcoin,BTC,237650938749.3564,10632161.71
2023-03-05 22:00:00,22436.99,22491.11,22397.49,22491.11,936.73,21015662.3,Bitcoin,BTC,471528204868.47705,21014725.57
2023-03-05 23:00:00,22433.65,22459.4,22385.24,22436.99,1266.41,28390577.52,Bitcoin,BTC,636904279381.548,28389311.11
2023-03-06 22:00:00,22435.02,22444.5,22410.23,22410.23,2260.33,50690693.54,Bitcoin,BTC,1137246723383.7708,50688433.21
2023-03-06 23:00:00,22410.34,22444.6,22395.4,22435.02,663.63,14880367.57,Bitcoin,BTC,333474096568.6738,14879703.94
2023-03-07 22:00:00,22108.99,22118.19,21995.82,22059.11,1631.76,36015210.0,Bitcoin,BTC,796259917737.9,36013578.24
2023-03-07 23:00:00,22200.87,22217.15,22085.03,22108.99,1463.96,32439121.12,Bitcoin,BTC,720176710899.3744,32437657.16
2023-03-08 22:00:00,21795.27,22010.09,21755.35,22009.94,2601.56,56892287.59,Bitcoin,BTC,1239982768941.6995,56889686.03
2023-03-08 23:00:00,21707.57,21816.04,21643.55,21795.27,4731.72,102763183.05,Bitcoin,BTC,2230738989480.6885,102758451.33
2023-03-09 22:00:00,20357.53,20482.93,20236.24,20238.94,3983.96,81154169.8,Bitcoin,BTC,1652098446328.5938,81150185.84
2023-03-09 23:00:00,20369.38,20381.62,20290.8,20357.53,2338.29,47572542.59,Bitcoin,BTC,969023197581.8943,47570204.300000004
2023-03-10 22:00:00,20147.28,20204.25,20057.21,20096.48,3455.72,69611813.21,Bitcoin,BTC,1402488692049.5686,69608357.49
2023-03-10 23:00:00,20207.71,20289.48,20137.77,20147.28,3864.39,78192615.46,Bitcoin,BTC,1580093697357.1963,78188751.07
2023-03-11 22:00:00,20481.52,20581.6,20463.39,20494.25,1896.04,38916916.21,Bitcoin,BTC,797077597693.4392,38915020.17
2023-03-11 23:00:00,20610.5,20659.83,20480.98,20481.52,1535.11,31583692.26,Bitcoin,BTC,650955689324.73,31582157.150000002
2023-03-12 22:00:00,21868.26,22060.37,21309.05,21463.19,8981.89,195996743.07,Bitcoin,BTC,4286107736607.9575,195987761.18
2023-03-12 23:00:00,22180.75,22215.0,21780.58,21868.26,7198.05,158502153.03,Bitcoin,BTC,3515696630820.1724,158494954.98
2023-03-13 22:00:00,24293.27,24332.43,24184.55,24184.55,2774.47,67360322.27,Bitcoin,BTC,1636402496192.1228,67357547.8
2023-03-13 23:00:00,24205.82,24301.2,24051.88,24293.27,2082.93,50310644.59,Bitcoin,BTC,1217810407029.514,50308561.660000004
2023-03-14 22:00:00,24787.36,24853.52,24478.11,24626.9,2062.22,50897554.4,Bitcoin,BTC,1261616004032.384,50895492.18
2023-03-14 23:00:00,24758.71,24855.38,24697.35,24787.36,1653.97,40977739.47,Bitcoin,BTC,1014555967993.2837,40976085.5
2023-03-15 22:00:00,24465.53,24742.64,24385.69,24523.99,2514.33,61797534.49,Bitcoin,BTC,1511909433991.1296,61795020.160000004
2023-03-15 23:00:00,24369.16,24533.08,24319.8,24465.53,1977.31,48269839.73,Bitcoin,BTC,1176295447554.7268,48267862.419999994
2023-03-16 22:00:00,25036.01,25042.02,24900.14,24966.37,1163.4,29054338.76,Bitcoin,BTC,727404715738.7476,29053175.360000003
2023-03-16 23:00:00,25051.31,25107.3,24978.87,25036.01,1772.85,44395761.46,Bitcoin,BTC,1112171983020.5127,44393988.61
2023-03-17 22:00:00,27581.74,27784.36,27053.84,27166.29,9234.16,253717482.8,Bitcoin,BTC,6997969644044.072,253708248.64000002
2023-03-17 23:00:00,27440.55,27729.55,27315.15,27581.74,4794.51,131868427.09,Bitcoin,BTC,3618542166984.4995,131863632.58
2023-03-18 22:00:00,26986.74,27306.39,26943.25,27278.26,2164.08,58697734.85,Bitcoin,BTC,1584060508985.8892,58695570.77
2023-03-18 23:00:00,26973.38,27135.06,26895.7,26986.74,2517.63,67946027.83,Bitcoin,BTC,1832734028149.1655,67943510.2
2023-03-19 22:00:00,28193.56,28223.35,27958.9,28047.25,2302.93,64765312.81,Bitcoin,BTC,1825964732627.5037,64763009.88
2023-03-19 23:00:00,28037.32,28365.11,27982.73,28193.56,2944.62,83046489.74,Bitcoin,BTC,2328401007717.0967,83043545.11999999
2023-03-20 22:00:00,28040.89,28129.02,27946.77,28073.04,1018.67,28552858.36,Bitcoin,BTC,800647560458.3403,28551839.689999998
2023-03-20 23:00:00,27807.29,28089.69,27683.29,28040.89,2147.62,59829248.36,Bitcoin,BTC,1663689259628.5444,59827100.74
2023-03-21 22:00:00,28107.13,28141.56,28011.66,28080.75,1238.57,34777496.93,Bitcoin,BTC,977495627286.111,34776258.36
2023-03-21 23:00:00,28185.99,28213.66,28068.06,28107.13,1524.76,42916169.37,Bitcoin,BTC,1209634720701.1262,42914644.61
2023-03-22 22:00:00,27280.37,27297.92,27065.04,27171.89,2685.94,73021573.74,Bitcoin,BTC,1992055549609.4836,73018887.8
2023-03-22 23:00:00,27317.37,27402.32,27257.27,27280.37,1791.03,48960053.76,Bitcoin,BTC,1337459903781.811,48958262.73
2023-03-23 22:00:00,28272.94,28324.99,28147.94,28217.92,1467.15,41417728.55,Bitcoin,BTC,1171000954230.4368,41416261.4
2023-03-23 23:00:00,28345.69,28469.59,28243.33,28272.94,2732.0,77575085.29,Bitcoin,BTC,2198919319353.9001,77572353.29
2023-03-24 22:00:00,27332.15,27475.24,27322.13,27387.6,1805.45,49479129.28,Bitcoin,BTC,1352370983350.352,49477323.83
2023-03-24 23:00:00,27491.73,27546.04,27316.56,27332.15,1238.29,33997160.6,Bitcoin,BTC,934640759981.838,33995922.31
2023-03-25 22:00:00,27468.86,27549.56,27419.84,27441.84,1508.06,41454939.71,Bitcoin,BTC,1138719935202.4307,41453431.65
2023-03-25 23:00:00,27493.43,27512.96,27438.49,27468.86,688.98,18929033.79,Bitcoin,BTC,520424065472.9997,18928344.81
2023-03-26 22:00:00,28069.79,28096.87,27833.9,27865.84,2215.15,62038360.67,Bitcoin,BTC,1741403755951.1594,62036145.52
2023-03-26 23:00:00,27996.81,28159.28,27973.88,28069.79,2271.48,63789223.08,Bitcoin,BTC,1785894758618.3748,63786951.6
2023-03-27 22:00:00,27115.87,27243.9,27104.91,27178.35,1091.82,29661570.09,Bitcoin,BTC,804299278556.3282,29660478.27
2023-03-27 23:00:00,27145.09,27182.86,27086.01,27115.87,801.66,21761986.34,Bitcoin,BTC,590731077778.0706,21761184.68
2023-03-28 22:00:00,27227.5,27239.7,27157.5,27203.55,1022.94,27825748.67,Bitcoin,BTC,757625571912.425,27824725.73
2023-03-28 23:00:00,27274.9,27322.16,27225.68,27227.5,1428.08,38957497.02,Bitcoin,BTC,1062561835470.7981,38956068.940000005
2023-03-29 22:00:00,28399.09,28426.33,28226.98,28307.25,1688.47,47870175.87,Bitcoin,BTC,1359469432847.9583,47868487.4
2023-03-29 23:00:00,28355.87,28459.25,28325.74,28399.09,1219.4,34636992.9,Bitcoin,BTC,982162067863.3229,34635773.5
2023-03-30 22:00:00,27911.86,28147.94,27819.27,28080.29,2204.12,61769623.2,Bitcoin,BTC,1724105075011.152,61767419.080000006
2023-03-30 23:00:00,28037.46,28056.06,27853.0,27911.86,1581.5,44250413.37,Bitcoin,BTC,1240669194844.84,44248831.87
2023-03-31 22:00:00,28577.34,28625.89,28449.18,28483.69,1361.03,38875238.81,Bitcoin,BTC,1110950917054.5654,38873877.78
2023-03-31 23:00:00,28477.29,28607.59,28475.43,28577.34,1000.06,28555074.79,Bitcoin,BTC,813171145766.519,28554074.73
