time,close,high,low,open,volumefrom,volumeto
2023-02-19 13:00:00,24682.03,24715.82,24682.03,24707.39,903.97,22335943.28
2023-02-19 14:00:00,24765.79,24792.85,24679.21,24682.03,1220.29,30203001.55
2023-02-19 15:00:00,24928.21,25022.49,24751.96,24765.79,5074.5,126308456.75
2023-02-19 16:00:00,24786.44,25175.28,24704.53,24928.21,7094.72,177067107.46
2023-02-19 17:00:00,24364.95,24806.64,24346.17,24786.44,6896.84,169337904.01
2023-02-19 18:00:00,24471.94,24526.89,24326.04,24364.95,2888.75,70562596.22
2023-02-19 19:00:00,24525.12,24563.59,24464.78,24471.94,1117.9,27427302.44
2023-02-19 20:00:00,24518.32,24534.07,24300.89,24525.12,3060.98,74736601.09
2023-02-19 21:00:00,24544.62,24577.84,24494.05,24518.32,1439.69,35321778.82
2023-02-19 22:00:00,24497.11,24567.1,24463.08,24544.62,921.63,22594075.91
2023-02-19 23:00:00,24287.53,24497.82,24253.13,24497.11,3204.27,78111206.89
2023-02-20 00:00:00,24218.04,24403.8,24191.73,24287.53,3520.85,85629318.78
2023-02-20 01:00:00,24244.92,24295.33,23873.19,24218.04,5383.38,129640551.43
2023-02-20 02:00:00,24353.34,24379.36,24174.88,24244.92,2088.99,50739545.36
2023-02-20 03:00:00,24422.02,24471.22,24330.83,24353.34,1465.07,35758155.89
2023-02-20 04:00:00,24489.56,24547.74,24412.76,24422.02,1553.39,38036225.51
2023-02-20 05:00:00,24498.57,24510.97,24433.19,24489.56,793.87,19427212.18
2023-02-20 06:00:00,24508.53,24531.31,24434.44,24498.57,911.0,22307861.53
2023-02-20 07:00:00,24507.11,24536.1,24459.81,24508.53,932.23,22839433.28
2023-02-20 08:00:00,24458.15,24554.63,24415.25,24507.11,1079.16,26422539.12
2023-02-20 09:00:00,24889.82,24935.66,24393.96,24458.15,3571.97,88284007.2
2023-02-20 10:00:00,24912.58,24965.19,24781.11,24889.82,3744.07,93154269.6
2023-02-20 11:00:00,24884.79,24950.71,24768.93,24912.58,2791.18,69411811.29
2023-02-20 12:00:00,24823.31,24910.65,24733.69,24884.79,2187.13,54288671.8
2023-02-20 13:00:00,24859.89,24923.18,24817.35,24823.31,1809.56,45000303.6
2023-02-20 14:00:00,24981.85,25098.8,24804.17,24859.89,4526.84,112905926.4
2023-02-20 15:00:00,24944.32,25063.24,24876.8,24981.85,3759.47,93889817.06
2023-02-20 16:00:00,24877.55,24950.67,24678.32,24944.32,4682.26,116193301.04
2023-02-20 17:00:00,24813.41,24903.34,24782.5,24877.55,2060.22,51165288.25
2023-02-20 18:00:00,24821.45,24837.18,24763.95,24813.41,1515.03,37564193.33
2023-02-20 19:00:00,24875.7,24883.86,24812.16,24821.45,1107.44,27521316.63
2023-02-20 20:00:00,24807.59,24881.25,24775.65,24875.7,1549.92,38474927.28
2023-02-20 21:00:00,24771.84,24822.99,24763.74,24807.59,893.58,22150370.12
2023-02-20 22:00:00,24702.97,24779.13,24682.28,24771.84,1376.19,34021275.17
2023-02-20 23:00:00,24838.09,24840.24,24700.87,24702.97,1093.33,27098344.78
2023-02-21 00:00:00,24860.46,24932.25,24788.1,24838.09,1494.27,37146701.14
2023-02-21 01:00:00,24869.92,24929.09,24807.31,24860.46,1443.45,35881261.11
2023-02-21 02:00:00,24910.94,25092.9,24862.13,24869.92,3047.57,76147891.15
2023-02-21 03:00:00,24925.08,25009.23,24857.95,24910.94,2031.97,50673681.94
2023-02-21 04:00:00,24900.25,24943.2,24859.3,24925.08,947.77,23596283.17
2023-02-21 05:00:00,24950.19,24956.71,24878.98,24900.25,838.45,20890509.01
2023-02-21 06:00:00,25029.15,25037.1,24930.95,24950.19,1110.86,27744623.67
2023-02-21 07:00:00,24999.67,25047.45,24947.34,25029.15,1495.44,37383645.5
2023-02-21 08:00:00,24689.97,25216.35,24650.29,24999.67,7982.13,199103578.19
2023-02-21 09:00:00,24807.4,24832.13,24590.72,24689.97,4130.39,102107644.87
2023-02-21 10:00:00,24703.66,24807.62,24685.63,24807.4,1647.54,40755879.03
2023-02-21 11:00:00,24574.15,24750.03,24570.36,24703.66,2644.45,65230776.31
2023-02-21 12:00:00,24638.34,24660.34,24513.54,24574.15,2951.84,72577611.02
2023-02-21 13:00:00,24566.09,24694.58,24529.13,24638.34,2495.82,61448431.01
2023-02-21 14:00:00,24681.49,24773.75,24555.05,24566.09,3272.77,80762588.49
2023-02-21 15:00:00,24560.73,24716.72,24435.73,24681.49,5163.58,126808675.46
2023-02-21 16:00:00,24406.57,24583.45,24297.02,24560.73,5823.5,142132247.35
2023-02-21 17:00:00,24648.15,24650.85,24382.58,24406.57,3130.88,76656972.24
2023-02-21 18:00:00,24693.33,24745.51,24574.15,24648.15,3898.89,96149541.08
2023-02-21 19:00:00,24602.99,24694.44,24566.56,24693.33,2455.67,60491142.57
2023-02-21 20:00:00,24465.16,24633.78,24440.64,24602.99,2341.33,57391603.4
2023-02-21 21:00:00,24192.86,24532.25,24168.6,24465.16,4727.23,114815962.66
2023-02-21 22:00:00,24387.45,24423.13,24173.88,24192.86,2315.56,56277097.38
2023-02-21 23:00:00,24450.5,24450.96,24348.65,24387.45,1546.25,37713719.38
2023-02-22 00:00:00,24413.52,24471.79,24278.34,24450.5,2268.61,55333000.52
2023-02-22 01:00:00,24188.51,24433.2,24151.8,24413.52,3338.3,81110558.39
2023-02-22 02:00:00,24171.23,24193.53,23886.5,24188.51,5594.46,134611099.84
2023-02-22 03:00:00,24209.71,24264.98,24137.84,24171.23,1912.37,46288343.35
2023-02-22 04:00:00,24162.26,24222.57,24040.02,24209.71,2194.36,52936404.83
2023-02-22 05:00:00,24103.92,24168.7,24016.44,24162.26,2229.78,53671852.79
2023-02-22 06:00:00,23952.89,24127.55,23940.55,24103.92,2663.2,63945598.99
2023-02-22 07:00:00,24067.29,24093.85,23942.63,23952.89,2325.45,55881066.03
2023-02-22 08:00:00,23971.64,24069.11,23878.9,24067.29,2690.68,64477106.05
2023-02-22 09:00:00,24108.76,24161.2,23953.76,23971.64,2739.07,65878203.34
2023-02-22 10:00:00,24185.37,24198.37,24092.58,24108.76,1136.46,27438040.53
2023-02-22 11:00:00,24163.13,24202.74,24055.49,24185.37,2240.45,54049004.83
2023-02-22 12:00:00,24136.35,24229.2,24101.51,24163.13,1503.6,36352395.21
2023-02-22 13:00:00,24115.2,24143.02,23984.94,24136.35,2215.96,53351314.62
2023-02-22 14:00:00,23940.04,24121.18,23937.46,24115.2,3552.07,85299212.28
2023-02-22 15:00:00,23729.27,23995.08,23658.45,23940.04,8010.07,190563497.51
2023-02-22 16:00:00,23639.25,23763.17,23597.76,23729.27,3996.31,94623734.06
2023-02-22 17:00:00,23746.56,23775.56,23601.67,23639.25,2283.84,54104943.29
2023-02-22 18:00:00,23748.49,23831.53,23730.52,23746.56,2064.56,49116880.16
2023-02-22 19:00:00,23799.04,23962.95,23685.63,23748.49,6821.57,162479552.97
2023-02-22 20:00:00,23792.22,23873.94,23745.48,23799.04,2517.74,59932973.24
2023-02-22 21:00:00,23804.3,23845.61,23751.17,23792.22,1559.51,37108891.87
2023-02-22 22:00:00,24099.28,24100.69,23790.62,23804.3,2260.85,54205578.77
2023-02-22 23:00:00,24186.92,24210.89,24095.55,24099.28,3109.43,75130279.68
2023-02-23 00:00:00,24134.39,24239.56,24132.74,24186.92,1880.75,45493361.69
2023-02-23 01:00:00,24183.81,24205.9,24132.64,24134.39,950.76,22978577.5
2023-02-23 02:00:00,24525.06,24581.12,24180.82,24183.81,5014.02,122379608.81
2023-02-23 03:00:00,24453.46,24595.08,24443.94,24525.06,2167.48,53156510.28
2023-02-23 04:00:00,24521.85,24522.55,24432.67,24453.46,1254.02,30678468.76
2023-02-23 05:00:00,24393.89,24523.18,24360.53,24521.85,1684.09,41130922.32
2023-02-23 06:00:00,24392.52,24411.64,24321.9,24393.89,935.76,22807790.76
2023-02-23 07:00:00,24379.1,24428.14,24374.07,24392.52,1038.36,25338555.68
2023-02-23 08:00:00,24410.75,24491.07,24370.82,24379.1,1824.38,44576142.15
2023-02-23 09:00:00,24293.47,24465.04,24279.36,24410.75,1603.32,39081760.88
2023-02-23 10:00:00,24252.97,24312.31,24220.3,24293.47,1604.81,38937378.53
2023-02-23 11:00:00,23783.3,24268.22,23675.06,24252.97,6792.3,162264822.14
2023-02-23 12:00:00,23916.79,23995.75,23629.29,23783.3,4372.2,104097119.2
2023-02-23 13:00:00,24028.39,24212.61,23860.18,23916.79,8012.2,192816705.35
2023-02-23 14:00:00,24015.17,24150.41,23924.69,24028.39,5557.47,133613200.32
2023-02-23 15:00:00,23956.66,24058.78,23877.32,24015.17,4117.4,98676752.8
2023-02-23 16:00:00,23773.47,23989.65,23771.43,23956.66,4065.23,97138674.35
2023-02-23 17:00:00,23844.28,23980.41,23756.65,23773.47,3355.15,80062764.24
2023-02-23 18:00:00,23863.06,23899.92,23750.94,23844.28,2601.51,61977458.26
2023-02-23 19:00:00,23976.66,24045.56,23845.98,23863.06,2499.51,59932528.07
2023-02-23 20:00:00,23935.97,24062.21,23914.01,23976.66,1793.48,43042810.88
2023-02-23 21:00:00,23875.84,24008.73,23875.17,23935.97,1156.24,27684500.11
2023-02-23 22:00:00,23874.23,23899.41,23768.76,23875.84,1905.64,45411753.87
2023-02-23 23:00:00,23941.1,23955.32,23839.47,23874.23,1539.27,36786198.89
2023-02-24 00:00:00,23961.61,24012.69,23901.99,23941.1,1403.25,33617239.28
2023-02-24 01:00:00,24002.91,24125.33,23960.66,23961.61,2452.18,58989030.42
2023-02-24 02:00:00,23943.44,24023.51,23922.38,24002.91,1324.45,31753178.29
2023-02-24 03:00:00,23952.81,23993.24,23930.49,23943.44,566.97,13588350.99
2023-02-24 04:00:00,23949.31,23986.51,23946.87,23952.81,591.32,14172480.1
2023-02-24 05:00:00,23898.33,23949.31,23867.89,23949.31,1260.93,30134179.52
2023-02-24 06:00:00,23906.62,23908.97,23793.8,23898.33,1673.59,39903507.94
2023-02-24 07:00:00,23837.56,23906.62,23782.05,23906.62,2170.03,51720785.51
2023-02-24 08:00:00,23901.3,23967.11,23773.07,23837.56,2619.09,62471300.41
2023-02-24 09:00:00,23834.81,23927.37,23820.18,23901.3,847.39,20230278.18
2023-02-24 10:00:00,23862.52,23885.66,23791.3,23834.81,779.6,18583488.79
2023-02-24 11:00:00,23891.19,23894.2,23841.03,23862.52,656.21,15666199.13
2023-02-24 12:00:00,23892.72,24017.28,23871.1,23891.19,1630.42,39017442.18
2023-02-24 13:00:00,23791.01,23955.33,23699.57,23892.72,3615.22,86114361.3
2023-02-24 14:00:00,23821.15,23850.84,23704.1,23791.01,2941.54,69950227.53
2023-02-24 15:00:00,23353.19,23841.7,23341.13,23821.15,10218.44,240667502.47
2023-02-24 16:00:00,23202.78,23355.02,22979.29,23353.19,11576.62,267995949.91
2023-02-24 17:00:00,23075.39,23202.78,23034.82,23202.78,2803.8,64853780.45
2023-02-24 18:00:00,23093.87,23151.42,23028.58,23075.39,2365.89,54643965.42
2023-02-24 19:00:00,23188.19,23190.14,22830.91,23093.87,5633.07,129720380.56
2023-02-24 20:00:00,23228.03,23326.51,23159.47,23188.19,5360.84,124585068.39
2023-02-24 21:00:00,23107.72,23232.72,23067.34,23228.03,2267.85,52485902.98
2023-02-24 22:00:00,23113.63,23151.67,22985.13,23107.72,2098.49,48408574.04
2023-02-24 23:00:00,23189.78,23206.43,23058.51,23113.63,1794.95,41556062.43
2023-02-25 00:00:00,23166.39,23201.96,23124.77,23189.78,967.34,22410644.39
2023-02-25 01:00:00,23184.23,23201.93,23140.54,23166.39,520.45,12061407.94
2023-02-25 02:00:00,23088.41,23217.24,23056.87,23184.23,1686.8,38978167.01
2023-02-25 03:00:00,23078.05,23125.31,23056.22,23088.41,728.81,16828967.95
2023-02-25 04:00:00,23125.64,23125.64,23061.29,23078.05,745.22,17207479.59
2023-02-25 05:00:00,23045.24,23125.84,23030.53,23125.64,698.92,16123025.02
2023-02-25 06:00:00,23090.12,23099.51,23044.39,23045.24,517.65,11946897.91
2023-02-25 07:00:00,23121.39,23122.36,23077.88,23090.12,463.23,10699011.09
2023-02-25 08:00:00,23103.7,23156.23,23102.92,23121.39,607.35,14046708.73
2023-02-25 09:00:00,23060.14,23122.02,23020.86,23103.7,1046.6,24136372.91
2023-02-25 10:00:00,22936.49,23064.73,22935.53,23060.14,1264.44,29060968.76
2023-02-25 11:00:00,22984.73,23012.93,22923.66,22936.49,1134.05,26047610.56
2023-02-25 12:00:00,23014.81,23018.8,22874.21,22984.73,1595.08,36598779.63
2023-02-25 13:00:00,23004.02,23077.0,22999.72,23014.81,1006.04,23171739.32
2023-02-25 14:00:00,23006.07,23045.99,22987.21,23004.02,794.21,18274164.03
2023-02-25 15:00:00,23009.0,23029.43,22978.17,23006.07,642.06,14769115.78
2023-02-25 16:00:00,23016.29,23085.25,23003.51,23009.0,1066.94,24589830.87
2023-02-25 17:00:00,23045.48,23049.52,23007.6,23016.29,778.28,17922183.51
2023-02-25 18:00:00,22983.78,23048.83,22978.43,23045.48,791.21,18204142.76
2023-02-25 19:00:00,22986.08,23016.85,22922.55,22983.78,1167.82,26820914.62
2023-02-25 20:00:00,22921.71,22997.19,22809.89,22986.08,2657.41,60800329.48
2023-02-25 21:00:00,22944.16,22960.69,22863.96,22921.71,1331.05,30505954.61
2023-02-25 22:00:00,23125.11,23160.6,22914.26,22944.16,1435.25,33082929.46
2023-02-25 23:00:00,23167.45,23183.34,23111.17,23125.11,1065.24,24662880.14
2023-02-26 00:00:00,23102.5,23168.67,23087.57,23167.45,632.51,14622465.39
2023-02-26 01:00:00,23113.66,23125.82,23079.74,23102.5,453.96,10487767.67
2023-02-26 02:00:00,23239.14,23244.21,23068.21,23113.66,1156.81,26788125.49
2023-02-26 03:00:00,23219.63,23250.58,23196.78,23239.14,916.83,21294654.07
2023-02-26 04:00:00,23191.82,23229.36,23164.01,23219.63,536.02,12433966.44
2023-02-26 05:00:00,23138.06,23202.02,23138.06,23191.82,373.49,8655290.83
2023-02-26 06:00:00,23171.53,23172.02,23100.53,23138.06,518.71,12002201.81
2023-02-26 07:00:00,23153.83,23202.08,23150.23,23171.53,507.4,11759655.78
2023-02-26 08:00:00,23159.72,23174.59,23122.22,23153.83,406.04,9398018.23
2023-02-26 09:00:00,23277.99,23288.32,23158.62,23159.72,1214.17,28211528.16
2023-02-26 10:00:00,23232.36,23280.91,23218.38,23277.99,429.47,9981431.23
2023-02-26 11:00:00,23254.08,23257.5,23210.75,23232.36,398.82,9265889.37
2023-02-26 12:00:00,23166.09,23278.48,23142.41,23254.08,1111.29,25804330.69
2023-02-26 13:00:00,23209.68,23211.35,23148.1,23166.09,452.56,10491830.3
2023-02-26 14:00:00,23200.75,23306.33,23192.14,23209.68,1539.19,35783563.75
2023-02-26 15:00:00,23250.45,23250.45,23190.03,23200.75,759.72,17636542.66
2023-02-26 16:00:00,23186.16,23259.12,23174.98,23250.45,666.62,15472206.65
2023-02-26 17:00:00,23242.09,23242.19,23148.96,23186.16,677.85,15717647.47
2023-02-26 18:00:00,23475.91,23526.45,23231.36,23242.09,3685.67,86271766.05
2023-02-26 19:00:00,23511.98,23535.8,23373.81,23475.91,2194.23,51501025.91
2023-02-26 20:00:00,23639.77,23673.78,23470.44,23511.98,2394.28,56480693.44
2023-02-26 21:00:00,23558.14,23646.88,23554.0,23639.77,1611.69,38038999.86
2023-02-26 22:00:00,23470.11,23588.8,23332.98,23558.14,2324.72,54480010.67
2023-02-26 23:00:00,23557.39,23607.85,23461.45,23470.11,2076.77,48887932.4
2023-02-27 00:00:00,23495.97,23561.92,23462.22,23557.39,1206.8,28360453.17
2023-02-27 01:00:00,23551.71,23556.99,23441.66,23495.97,847.69,19908716.46
2023-02-27 02:00:00,23560.87,23633.24,23530.52,23551.71,976.53,23020299.77
2023-02-27 03:00:00,23553.1,23637.91,23548.16,23560.87,1187.24,28009843.49
2023-02-27 04:00:00,23495.93,23555.97,23470.62,23553.1,1014.0,23834250.11
2023-02-27 05:00:00,23388.79,23505.38,23362.64,23495.93,1597.07,37427821.15
2023-02-27 06:00:00,23410.03,23430.57,23377.87,23388.79,748.68,17521642.29
2023-02-27 07:00:00,23426.99,23451.39,23407.66,23410.03,678.43,15899813.44
2023-02-27 08:00:00,23360.29,23452.36,23350.13,23426.99,963.99,22553666.91
2023-02-27 09:00:00,23393.24,23433.65,23344.35,23360.29,701.08,16395968.31
2023-02-27 10:00:00,23382.08,23412.94,23355.6,23393.24,513.68,12012568.36
2023-02-27 11:00:00,23425.68,23445.11,23375.52,23382.08,520.0,12177454.55
2023-02-27 12:00:00,23397.33,23433.53,23384.93,23425.68,593.19,13884264.2
2023-02-27 13:00:00,23706.14,23781.93,23397.33,23397.33,3869.88,91506161.15
2023-02-27 14:00:00,23809.83,23826.49,23683.66,23706.14,3729.49,88617408.44
2023-02-27 15:00:00,23542.91,23876.65,23500.4,23809.83,4689.34,111015247.97
2023-02-27 16:00:00,23403.96,23608.03,23180.94,23542.91,6229.96,145556143.34
2023-02-27 17:00:00,23338.14,23415.97,23280.52,23403.96,2280.17,53269044.74
2023-02-27 18:00:00,23280.4,23363.82,23172.2,23338.14,2861.07,66510806.75
2023-02-27 19:00:00,23284.91,23351.76,23229.87,23280.4,2153.42,50156105.43
2023-02-27 20:00:00,23310.97,23314.09,23144.28,23284.91,3191.31,74119437.03
2023-02-27 21:00:00,23383.91,23391.64,23298.25,23310.97,1282.91,29962759.59
2023-02-27 22:00:00,23481.91,23532.77,23366.31,23383.91,1282.84,30065210.61
2023-02-27 23:00:00,23490.07,23573.02,23451.69,23481.91,1379.29,32422148.54
2023-02-28 00:00:00,23422.28,23534.88,23418.52,23490.07,1507.2,35389768.78
2023-02-28 01:00:00,23431.31,23455.96,23356.81,23422.28,958.22,22432199.59
2023-02-28 02:00:00,23436.62,23470.34,23391.16,23431.31,633.51,14846098.84
2023-02-28 03:00:00,23461.17,23515.29,23436.34,23436.62,692.31,16254162.7
2023-02-28 04:00:00,23418.47,23465.73,23395.43,23461.17,737.12,17262921.22
2023-02-28 05:00:00,23376.95,23444.68,23372.7,23418.47,709.11,16595224.1
2023-02-28 06:00:00,23391.72,23410.16,23370.89,23376.95,495.2,11584386.0
2023-02-28 07:00:00,23235.4,23393.15,23231.54,23391.72,1599.02,37264050.67
2023-02-28 08:00:00,23269.38,23296.81,23211.23,23235.4,988.04,22983191.92
2023-02-28 09:00:00,23275.47,23316.85,23249.95,23269.38,682.68,15896086.14
2023-02-28 10:00:00,23363.79,23382.4,23258.23,23275.47,737.44,17200197.12
2023-02-28 11:00:00,23397.17,23417.81,23342.51,23363.79,897.39,20985961.85
2023-02-28 12:00:00,23454.99,23499.88,23394.41,23397.17,1242.22,29138566.94
2023-02-28 13:00:00,23407.3,23483.49,23379.86,23454.99,1297.47,30377512.31
2023-02-28 14:00:00,23430.6,23566.67,23335.2,23407.3,3082.1,72289122.55
2023-02-28 15:00:00,23523.42,23541.91,23413.87,23430.6,3040.07,71406810.42
2023-02-28 16:00:00,23457.06,23596.23,23433.78,23523.42,1657.2,38962538.37
2023-02-28 17:00:00,23531.08,23553.74,23453.55,23457.06,1212.67,28505078.54
2023-02-28 18:00:00,23480.42,23545.71,23444.66,23531.08,1254.85,29477289.85
2023-02-28 19:00:00,23264.2,23488.73,23225.17,23480.42,2458.83,57356090.25
2023-02-28 20:00:00,23285.63,23340.01,23180.37,23264.2,2144.43,49893391.18
2023-02-28 21:00:00,23144.98,23286.01,23039.39,23285.63,3711.81,85899001.32
2023-02-28 22:00:00,23162.92,23239.49,23115.75,23144.98,1592.35,36916879.17
2023-02-28 23:00:00,23134.2,23195.49,23110.88,23162.92,1517.18,35122139.47
2023-03-01 00:00:00,23101.07,23216.37,23037.24,23134.2,1702.83,39392364.31
2023-03-01 01:00:00,23251.54,23292.66,23088.7,23101.07,1563.24,36261096.89
2023-03-01 02:00:00,23331.39,23332.15,23243.47,23251.54,808.86,18831437.31
2023-03-01 03:00:00,23443.66,23492.11,23314.56,23331.39,2418.51,56644868.46
2023-03-01 04:00:00,23797.25,23828.16,23435.62,23443.66,2699.83,63799629.63
2023-03-01 05:00:00,23694.05,23817.42,23644.05,23797.25,2041.83,48409691.63
2023-03-01 06:00:00,23757.6,23794.33,23673.86,23694.05,1716.9,40757244.18
2023-03-01 07:00:00,23717.75,23761.03,23699.76,23757.6,1116.5,26496095.14
2023-03-01 08:00:00,23872.97,23962.77,23689.03,23717.75,2680.31,63856660.34
2023-03-01 09:00:00,23757.25,23901.73,23733.78,23872.97,1986.36,47284815.88
2023-03-01 10:00:00,23780.72,23783.53,23682.51,23757.25,1055.22,25047459.62
2023-03-01 11:00:00,23737.91,23785.72,23708.45,23780.72,833.18,19788537.82
2023-03-01 12:00:00,23727.17,23818.23,23707.03,23737.91,1370.44,32559205.87
2023-03-01 13:00:00,23696.92,23733.19,23623.54,23727.17,2161.91,51192886.17
2023-03-01 14:00:00,23682.85,23877.12,23601.86,23696.92,3741.63,88770932.86
2023-03-01 15:00:00,23719.01,23766.94,23585.76,23682.85,3445.91,81596860.41
2023-03-01 16:00:00,23703.17,23742.02,23566.93,23719.01,2327.7,55050820.88
2023-03-01 17:00:00,23711.4,23742.76,23681.04,23703.17,1571.14,37260081.97
2023-03-01 18:00:00,23695.71,23721.97,23656.06,23711.4,935.91,22173268.48
2023-03-01 19:00:00,23357.31,23696.45,23344.32,23695.71,2806.96,66056387.0
2023-03-01 20:00:00,23413.48,23469.26,23316.56,23357.31,2040.83,47779381.2
2023-03-01 21:00:00,23560.6,23584.92,23378.87,23413.48,1665.66,39125008.54
2023-03-01 22:00:00,23537.5,23571.52,23452.88,23560.6,1155.0,27153562.89
2023-03-01 23:00:00,23641.2,23667.62,23512.12,23537.5,1440.08,33980756.96
2023-03-02 00:00:00,23609.93,23788.72,23605.41,23641.2,2392.95,56712098.73
2023-03-02 01:00:00,23517.36,23636.31,23461.26,23609.93,1591.77,37493855.45
2023-03-02 02:00:00,23499.22,23544.06,23462.59,23517.36,1075.13,25272248.64
2023-03-02 03:00:00,23500.1,23511.68,23436.2,23499.22,860.37,20204469.32
2023-03-02 04:00:00,23540.86,23543.59,23476.89,23500.1,468.2,11005319.93
2023-03-02 05:00:00,23447.29,23544.02,23425.93,23540.86,675.5,15856765.52
2023-03-02 06:00:00,23443.82,23475.44,23393.14,23447.29,1059.69,24839513.99
2023-03-02 07:00:00,23394.57,23447.68,23351.34,23443.82,1259.88,29472723.74
2023-03-02 08:00:00,23446.02,23461.86,23359.98,23394.57,1016.04,23790684.3
2023-03-02 09:00:00,23404.79,23463.39,23399.3,23446.02,714.48,16745565.23
2023-03-02 10:00:00,23378.19,23418.54,23347.87,23404.79,886.85,20742019.64
2023-03-02 11:00:00,23417.18,23427.15,23366.6,23378.19,693.28,16219593.3
2023-03-02 12:00:00,23354.56,23431.93,23331.16,23417.18,999.21,23349920.83
2023-03-02 13:00:00,23303.79,23402.34,23286.25,23354.56,2553.5,59602558.25
2023-03-02 14:00:00,23312.43,23345.26,23212.33,23303.79,3244.29,75529481.68
2023-03-02 15:00:00,23370.08,23377.31,23287.11,23312.43,2126.23,49629271.06
2023-03-02 16:00:00,23280.6,23383.4,23264.92,23370.08,1605.39,37441086.12
2023-03-02 17:00:00,23272.15,23313.76,23239.71,23280.6,1559.42,36293069.87
2023-03-02 18:00:00,23447.51,23451.74,23264.11,23272.15,1856.63,43385123.01
2023-03-02 19:00:00,23466.97,23498.39,23398.56,23447.51,2265.9,53160127.5
2023-03-02 20:00:00,23464.08,23561.8,23433.48,23466.97,2439.28,57296998.05
2023-03-02 21:00:00,23420.65,23470.92,23397.59,23464.08,971.17,22762722.39
2023-03-02 22:00:00,23470.84,23552.21,23415.36,23420.65,1260.94,29628288.49
2023-03-02 23:00:00,23467.22,23503.18,23439.29,23470.84,1123.83,26377568.61
2023-03-03 00:00:00,23422.33,23476.96,23410.91,23467.22,903.23,21170709.28
2023-03-03 01:00:00,22248.74,23423.18,22147.42,23422.33,14309.04,322487887.99
2023-03-03 02:00:00,22379.97,22458.14,22212.74,22248.74,4998.11,111638984.98
2023-03-03 03:00:00,22348.17,22412.31,22324.02,22379.97,2835.0,63382010.4
2023-03-03 04:00:00,22394.38,22402.45,22301.37,22348.17,2194.59,49019593.12
2023-03-03 05:00:00,22358.51,22421.4,22349.87,22394.38,1904.66,42638442.67
2023-03-03 06:00:00,22392.05,22411.82,22344.79,22358.51,1232.03,27577314.98
2023-03-03 07:00:00,22374.33,22409.88,22349.91,22392.05,1436.81,32152906.25
2023-03-03 08:00:00,22441.15,22453.56,22371.93,22374.33,1181.77,26467240.24
2023-03-03 09:00:00,22377.23,22478.81,22365.89,22441.15,1411.13,31621620.8
2023-03-03 10:00:00,22363.62,22396.66,22356.28,22377.23,900.84,20150745.09
2023-03-03 11:00:00,22353.64,22372.1,22326.85,22363.62,1016.6,22723968.74
2023-03-03 12:00:00,22354.46,22373.95,22335.29,22353.64,1938.48,43321603.88
2023-03-03 13:00:00,22412.67,22422.63,22216.58,22354.46,3823.22,85377318.81
2023-03-03 14:00:00,22389.82,22473.49,22372.88,22412.67,2949.09,66087341.01
2023-03-03 15:00:00,22340.74,22415.64,22286.76,22389.82,3184.66,71181941.49
2023-03-03 16:00:00,22381.94,22384.6,22329.66,22340.74,1347.71,30127063.38
2023-03-03 17:00:00,22420.46,22446.93,22379.32,22381.94,1390.2,31163600.71
2023-03-03 18:00:00,22318.9,22423.17,22269.28,22420.46,2558.2,57157624.06
2023-03-03 19:00:00,22363.32,22392.62,22301.87,22318.9,1338.58,29902807.8
2023-03-03 20:00:00,22310.61,22379.47,22290.72,22363.32,1266.93,28301956.07
2023-03-03 21:00:00,22245.08,22316.44,22169.76,22310.61,3029.71,67429614.73
2023-03-03 22:00:00,22329.37,22338.33,22236.64,22245.08,901.31,20090445.9
2023-03-03 23:00:00,22361.45,22378.77,22323.48,22329.37,1167.9,26105132.8
2023-03-04 00:00:00,22375.48,22393.89,22338.42,22361.45,840.98,18807722.51
2023-03-04 01:00:00,22349.19,22395.8,22347.09,22375.48,645.98,14453267.92
2023-03-04 02:00:00,22350.69,22361.11,22342.05,22349.19,298.33,6667930.62
2023-03-04 03:00:00,22355.39,22357.81,22334.97,22350.69,336.93,7529494.77
2023-03-04 04:00:00,22346.4,22371.92,22337.39,22355.39,406.91,9094724.99
2023-03-04 05:00:00,22333.21,22351.19,22285.52,22346.4,438.39,9787088.66
2023-03-04 06:00:00,22375.55,22410.72,22325.62,22333.21,742.15,16611567.25
2023-03-04 07:00:00,22367.93,22381.99,22361.38,22375.55,398.72,8920571.45
2023-03-04 08:00:00,22348.85,22369.06,22342.13,22367.93,319.78,7148146.0
2023-03-04 09:00:00,22357.79,22378.69,22347.54,22348.85,336.91,7534134.67
2023-03-04 10:00:00,22342.96,22364.31,22335.71,22357.79,217.76,4866988.76
2023-03-04 11:00:00,22354.87,22362.26,22341.95,22342.96,231.74,5180054.23
2023-03-04 12:00:00,22393.14,22398.65,22348.46,22354.87,435.63,9746183.01
2023-03-04 13:00:00,22366.85,22393.62,22366.39,22393.14,268.13,5998895.87
2023-03-04 14:00:00,22350.81,22371.55,22342.93,22366.85,387.25,8656757.53
2023-03-04 15:00:00,22324.08,22357.27,22322.06,22350.81,585.33,13073832.34
2023-03-04 16:00:00,22334.31,22344.81,22303.17,22324.08,364.48,8137356.99
2023-03-04 17:00:00,22317.08,22340.44,22315.71,22334.31,278.72,6221783.54
2023-03-04 18:00:00,22328.39,22334.88,22270.71,22317.08,454.57,10139931.3
2023-03-04 19:00:00,22255.67,22332.16,22245.35,22328.39,577.83,12874950.06
2023-03-04 20:00:00,22255.18,22270.79,22198.72,22255.67,825.38,18350410.22
2023-03-04 21:00:00,22219.58,22259.0,22179.49,22255.18,1001.86,22263727.15
2023-03-04 22:00:00,22311.46,22356.58,22214.95,22219.58,950.55,21202449.29
2023-03-04 23:00:00,22351.08,22352.28,22302.56,22311.46,476.12,10632637.83
2023-03-05 00:00:00,22384.27,22389.19,22325.18,22351.08,630.16,14085720.25
2023-03-05 01:00:00,22583.88,22632.51,22359.31,22384.27,3154.18,71134046.99
2023-03-05 02:00:00,22369.35,22608.54,22240.41,22583.88,2414.58,54067633.06
2023-03-05 03:00:00,22395.92,22438.25,22369.19,22369.35,998.86,22385981.71
2023-03-05 04:00:00,22452.81,22469.18,22389.23,22395.92,976.53,21916034.19
2023-03-05 05:00:00,22427.35,22453.27,22409.07,22452.81,404.1,9062741.18
2023-03-05 06:00:00,22425.4,22429.76,22412.08,22427.35,328.5,7364533.87
2023-03-05 07:00:00,22383.44,22426.6,22377.7,22425.4,531.88,11911615.85
2023-03-05 08:00:00,22347.2,22403.28,22340.65,22383.44,508.84,11382140.69
2023-03-05 09:00:00,22376.81,22399.88,22332.39,22347.2,643.25,14391469.64
2023-03-05 10:00:00,22419.52,22448.14,22373.72,22376.81,650.47,14579094.6
2023-03-05 11:00:00,22402.9,22427.48,22393.81,22419.52,346.1,7755864.76
2023-03-05 12:00:00,22428.99,22437.73,22399.91,22402.9,377.26,8456041.05
2023-03-05 13:00:00,22472.3,22489.33,22428.82,22428.99,955.3,21458342.18
