time,close,high,low,open,volumefrom,volumeto,Date,Time,volume,marketcap,price_delta
2023-02-19 13:00:00,24682.03,24715.82,24682.03,24707.39,903.97,22335943.28,2023-02-19,13:00:00,22335039.310000002,551296422115.2584,
2023-02-19 14:00:00,24765.79,24792.85,24679.21,24682.03,1220.29,30203001.55,2023-02-19,14:00:00,30201781.26,748001193756.9745,83.76000000000204
2023-02-19 15:00:00,24928.21,25022.49,24751.96,24765.79,5074.5,126308456.75,2023-02-19,15:00:00,126303382.25,3148643734639.9175,162.41999999999825
2023-02-19 16:00:00,24786.44,25175.28,24704.53,24928.21,7094.72,177067107.46,2023-02-19,16:00:00,177060012.74,4388863235030.8423,-141.77000000000044
2023-02-19 17:00:00,24364.95,24806.64,24346.17,24786.44,6896.84,169337904.01,2023-02-19,17:00:00,169331007.17,4125909564308.449,-421.48999999999796
2023-02-19 18:00:00,24471.94,24526.89,24326.04,24364.95,2888.75,70562596.22,2023-02-19,18:00:00,70559707.47,1726803620940.0667,106.98999999999796
2023-02-19 19:00:00,24525.12,24563.59,24464.78,24471.94,1117.9,27427302.44,2023-02-19,19:00:00,27426184.540000003,672657883617.2928,53.18000000000029
2023-02-19 20:00:00,24518.32,24534.07,24300.89,24525.12,3060.98,74736601.09,2023-02-19,20:00:00,74733540.11,1832415901236.9688,-6.799999999999272
2023-02-19 21:00:00,24544.62,24577.84,24494.05,24518.32,1439.69,35321778.82,2023-02-19,21:00:00,35320339.13,866959638860.9484,26.299999999999272
2023-02-19 22:00:00,24497.11,24567.1,24463.08,24544.62,921.63,22594075.91,2023-02-19,22:00:00,22593154.28,553489562915.6201,-47.5099999999984
2023-02-19 23:00:00,24287.53,24497.82,24253.13,24497.11,3204.27,78111206.89,2023-02-19,23:00:00,78108002.62,1897128280677.0815,-209.58000000000175
2023-02-20 00:00:00,24218.04,24403.8,24191.73,24287.53,3520.85,85629318.78,2023-02-20,00:00:00,85625797.93,2073774267386.7913,-69.48999999999796
2023-02-20 01:00:00,24244.92,24295.33,23873.19,24218.04,5383.38,129640551.43,2023-02-20,01:00:00,129635168.05000001,3143124798176.2354,26.87999999999738
2023-02-20 02:00:00,24353.34,24379.36,24174.88,24244.92,2088.99,50739545.36,2023-02-20,02:00:00,50737456.37,1235677399597.5024,108.42000000000189
2023-02-20 03:00:00,24422.02,24471.22,24330.83,24353.34,1465.07,35758155.89,2023-02-20,03:00:00,35756690.82,873286398308.6979,68.68000000000029
2023-02-20 04:00:00,24489.56,24547.74,24412.76,24422.02,1553.39,38036225.51,2023-02-20,04:00:00,38034672.12,931490426800.6757,67.54000000000087
2023-02-20 05:00:00,24498.57,24510.97,24433.19,24489.56,793.87,19427212.18,2023-02-20,05:00:00,19426418.31,475938917496.5826,9.0099999999984
2023-02-20 06:00:00,24508.53,24531.31,24434.44,24498.57,911.0,22307861.53,2023-02-20,06:00:00,22306950.53,546732893543.8509,9.959999999999127
2023-02-20 07:00:00,24507.11,24536.1,24459.81,24508.53,932.23,22839433.28,2023-02-20,07:00:00,22838501.05,559728503730.6208,-1.4199999999982538
2023-02-20 08:00:00,24458.15,24554.63,24415.25,24507.11,1079.16,26422539.12,2023-02-20,08:00:00,26421459.96,646246425177.828,-48.95999999999913
2023-02-20 09:00:00,24889.82,24935.66,24393.96,24458.15,3571.97,88284007.2,2023-02-20,09:00:00,88280435.23,2197373048086.704,431.66999999999825
2023-02-20 10:00:00,24912.58,24965.19,24781.11,24889.82,3744.07,93154269.6,2023-02-20,10:00:00,93150525.53,2320713193751.568,22.760000000002037
2023-02-20 11:00:00,24884.79,24950.71,24768.93,24912.58,2791.18,69411811.29,2023-02-20,11:00:00,69409020.11,1727298347471.2793,-27.790000000000873
2023-02-20 12:00:00,24823.31,24910.65,24733.69,24884.79,2187.13,54288671.8,2023-02-20,12:00:00,54286484.669999994,1347624529579.658,-61.47999999999956
2023-02-20 13:00:00,24859.89,24923.18,24817.35,24823.31,1809.56,45000303.6,2023-02-20,13:00:00,44998494.04,1118702597462.604,36.57999999999811
2023-02-20 14:00:00,24981.85,25098.8,24804.17,24859.89,4526.84,112905926.4,2023-02-20,14:00:00,112901399.56,2820598917435.84,121.95999999999913
2023-02-20 15:00:00,24944.32,25063.24,24876.8,24981.85,3759.47,93889817.06,2023-02-20,15:00:00,93886057.59,2342017641486.099,-37.529999999998836
2023-02-20 16:00:00,24877.55,24950.67,24678.32,24944.32,4682.26,116193301.04,2023-02-20,16:00:00,116188618.78,2890604656287.652,-66.77000000000044
2023-02-20 17:00:00,24813.41,24903.34,24782.5,24877.55,2060.22,51165288.25,2023-02-20,17:00:00,51163228.03,1269585275115.4324,-64.13999999999942
2023-02-20 18:00:00,24821.45,24837.18,24763.95,24813.41,1515.03,37564193.33,2023-02-20,18:00:00,37562678.3,932397746530.9285,8.040000000000873
2023-02-20 19:00:00,24875.7,24883.86,24812.16,24821.45,1107.44,27521316.63,2023-02-20,19:00:00,27520209.189999998,684612016092.891,54.25
2023-02-20 20:00:00,24807.59,24881.25,24775.65,24875.7,1549.92,38474927.28,2023-02-20,20:00:00,38473377.36,954470221242.0552,-68.11000000000058
2023-02-20 21:00:00,24771.84,24822.99,24763.74,24807.59,893.58,22150370.12,2023-02-20,21:00:00,22149476.540000003,548705424553.42084,-35.75
2023-02-20 22:00:00,24702.97,24779.13,24682.28,24771.84,1376.19,34021275.17,2023-02-20,22:00:00,34019898.980000004,840426539886.255,-68.86999999999898
2023-02-20 23:00:00,24838.09,24840.24,24700.87,24702.97,1093.33,27098344.78,2023-02-20,23:00:00,27097251.450000003,673071126496.6703,135.11999999999898
2023-02-21 00:00:00,24860.46,24932.25,24788.1,24838.09,1494.27,37146701.14,2023-02-21,00:00:00,37145206.87,923484077822.9244,22.36999999999898
2023-02-21 01:00:00,24869.92,24929.09,24807.31,24860.46,1443.45,35881261.11,2023-02-21,01:00:00,35879817.66,892364093304.8112,9.459999999999127
2023-02-21 02:00:00,24910.94,25092.9,24862.13,24869.92,3047.57,76147891.15,2023-02-21,02:00:00,76144843.58000001,1896915547564.1812,41.02000000000044
2023-02-21 03:00:00,24925.08,25009.23,24857.95,24910.94,2031.97,50673681.94,2023-02-21,03:00:00,50671649.97,1263045576249.0552,14.140000000003056
2023-02-21 04:00:00,24900.25,24943.2,24859.3,24925.08,947.77,23596283.17,2023-02-21,04:00:00,23595335.400000002,587553350003.7926,-24.830000000001746
2023-02-21 05:00:00,24950.19,24956.71,24878.98,24900.25,838.45,20890509.01,2023-02-21,05:00:00,20889670.560000002,521222168996.2119,49.93999999999869
2023-02-21 06:00:00,25029.15,25037.1,24930.95,24950.19,1110.86,27744623.67,2023-02-21,06:00:00,27743512.810000002,694424347529.9806,78.96000000000276
2023-02-21 07:00:00,24999.67,25047.45,24947.34,25029.15,1495.44,37383645.5,2023-02-21,07:00:00,37382150.06,934578800896.985,-29.4800000000032
2023-02-21 08:00:00,24689.97,25216.35,24650.29,24999.67,7982.13,199103578.19,2023-02-21,08:00:00,199095596.06,4915861372403.755,-309.6999999999971
2023-02-21 09:00:00,24807.4,24832.13,24590.72,24689.97,4130.39,102107644.87,2023-02-21,09:00:00,102103514.48,2533025189348.038,117.43000000000029
2023-02-21 10:00:00,24703.66,24807.62,24685.63,24807.4,1647.54,40755879.03,2023-02-21,10:00:00,40754231.49,1006819378558.2499,-103.7400000000016
2023-02-21 11:00:00,24574.15,24750.03,24570.36,24703.66,2644.45,65230776.31,2023-02-21,11:00:00,65228131.86,1602990881658.3867,-129.5099999999984
2023-02-21 12:00:00,24638.34,24660.34,24513.54,24574.15,2951.84,72577611.02,2023-02-21,12:00:00,72574659.17999999,1788191856698.5066,64.18999999999869
2023-02-21 13:00:00,24566.09,24694.58,24529.13,24638.34,2495.82,61448431.01,2023-02-21,13:00:00,61445935.19,1509547686550.451,-72.25
2023-02-21 14:00:00,24681.49,24773.75,24555.05,24566.09,3272.77,80762588.49,2023-02-21,14:00:00,80759315.72,1993341020190.05,115.40000000000146
2023-02-21 15:00:00,24560.73,24716.72,24435.73,24681.49,5163.58,126808675.46,2023-02-21,15:00:00,126803511.88,3114513639630.6855,-120.76000000000204
2023-02-21 16:00:00,24406.57,24583.45,24297.02,24560.73,5823.5,142132247.35,2023-02-21,16:00:00,142126423.85,3468960644205.0894,-154.15999999999985
2023-02-21 17:00:00,24648.15,24650.85,24382.58,24406.57,3130.88,76656972.24,2023-02-21,17:00:00,76653841.36,1889452550317.356,241.58000000000175
2023-02-21 18:00:00,24693.33,24745.51,24574.15,24648.15,3898.89,96149541.08,2023-02-21,18:00:00,96145642.19,2374252347236.9966,45.18000000000029
2023-02-21 19:00:00,24602.99,24694.44,24566.56,24693.33,2455.67,60491142.57,2023-02-21,19:00:00,60488686.9,1488262975738.2844,-90.34000000000015
2023-02-21 20:00:00,24465.16,24633.78,24440.64,24602.99,2341.33,57391603.4,2023-02-21,20:00:00,57389262.07,1404094759837.544,-137.83000000000175
2023-02-21 21:00:00,24192.86,24532.25,24168.6,24465.16,4727.23,114815962.66,2023-02-21,21:00:00,114811235.42999999,2777726510398.6074,-272.2999999999993
2023-02-21 22:00:00,24387.45,24423.13,24173.88,24192.86,2315.56,56277097.38,2023-02-21,22:00:00,56274781.82,1372454898499.881,194.59000000000015
2023-02-21 23:00:00,24450.5,24450.96,24348.65,24387.45,1546.25,37713719.38,2023-02-21,23:00:00,37712173.13,922119295700.6901,63.04999999999927
2023-02-22 00:00:00,24413.52,24471.79,24278.34,24450.5,2268.61,55333000.52,2023-02-22,00:00:00,55330731.910000004,1350873314855.0305,-36.97999999999956
2023-02-22 01:00:00,24188.51,24433.2,24151.8,24413.52,3338.3,81110558.39,2023-02-22,01:00:00,81107220.09,1961943552722.0989,-225.01000000000204
2023-02-22 02:00:00,24171.23,24193.53,23886.5,24188.51,5594.46,134611099.84,2023-02-22,02:00:00,134605505.38,3253715854785.603,-17.279999999998836
2023-02-22 03:00:00,24209.71,24264.98,24137.84,24171.23,1912.37,46288343.35,2023-02-22,03:00:00,46286430.980000004,1120627368883.9285,38.47999999999956
2023-02-22 04:00:00,24162.26,24222.57,24040.02,24209.71,2194.36,52936404.83,2023-02-22,04:00:00,52934210.47,1279063176967.7156,-47.45000000000073
2023-02-22 05:00:00,24103.92,24168.7,24016.44,24162.26,2229.78,53671852.79,2023-02-22,05:00:00,53669623.01,1293702045901.9368,-58.340000000000146
2023-02-22 06:00:00,23952.89,24127.55,23940.55,24103.92,2663.2,63945598.99,2023-02-22,06:00:00,63942935.79,1531681898591.581,-151.02999999999884
2023-02-22 07:00:00,24067.29,24093.85,23942.63,23952.89,2325.45,55881066.03,2023-02-22,07:00:00,55878740.58,1344905821653.1587,114.40000000000146
2023-02-22 08:00:00,23971.64,24069.11,23878.9,24067.29,2690.68,64477106.05,2023-02-22,08:00:00,64474415.37,1545621974472.4219,-95.65000000000146
2023-02-22 09:00:00,24108.76,24161.2,23953.76,23971.64,2739.07,65878203.34,2023-02-22,09:00:00,65875464.27,1588241793555.2583,137.11999999999898
2023-02-22 10:00:00,24185.37,24198.37,24092.58,24108.76,1136.46,27438040.53,2023-02-22,10:00:00,27436904.07,663599162293.0461,76.61000000000058
2023-02-22 11:00:00,24163.13,24202.74,24055.49,24185.37,2240.45,54049004.83,2023-02-22,11:00:00,54046764.379999995,1305993130077.918,-22.239999999997963
2023-02-22 12:00:00,24136.35,24229.2,24101.51,24163.13,1503.6,36352395.21,2023-02-22,12:00:00,36350891.61,877414134126.8834,-26.780000000002474
2023-02-22 13:00:00,24115.2,24143.02,23984.94,24136.35,2215.96,53351314.62,2023-02-22,13:00:00,53349098.66,1286577622324.2239,-21.149999999997817
2023-02-22 14:00:00,23940.04,24121.18,23937.46,24115.2,3552.07,85299212.28,2023-02-22,14:00:00,85295660.21000001,2042066553951.6914,-175.15999999999985
2023-02-22 15:00:00,23729.27,23995.08,23658.45,23940.04,8010.07,190563497.51,2023-02-22,15:00:00,190555487.44,4521932684559.117,-210.77000000000044
2023-02-22 16:00:00,23639.25,23763.17,23597.76,23729.27,3996.31,94623734.06,2023-02-22,16:00:00,94619737.75,2236834105377.855,-90.02000000000044
2023-02-22 17:00:00,23746.56,23775.56,23601.67,23639.25,2283.84,54104943.29,2023-02-22,17:00:00,54102659.449999996,1284806282132.5825,107.31000000000131
2023-02-22 18:00:00,23748.49,23831.53,23730.52,23746.56,2064.56,49116880.16,2023-02-22,18:00:00,49114815.599999994,1166451737310.9585,1.930000000000291
2023-02-22 19:00:00,23799.04,23962.95,23685.63,23748.49,6821.57,162479552.97,2023-02-22,19:00:00,162472731.4,3866857380315.149,50.54999999999927
2023-02-22 20:00:00,23792.22,23873.94,23745.48,23799.04,2517.74,59932973.24,2023-02-22,20:00:00,59930455.5,1425938484580.1929,-6.819999999999709
2023-02-22 21:00:00,23804.3,23845.61,23751.17,23792.22,1559.51,37108891.87,2023-02-22,21:00:00,37107332.36,883351194741.0409,12.079999999998108
2023-02-22 22:00:00,24099.28,24100.69,23790.62,23804.3,2260.85,54205578.77,2023-02-22,22:00:00,54203317.92,1306315420340.2856,294.97999999999956
2023-02-22 23:00:00,24186.92,24210.89,24095.55,24099.28,3109.43,75130279.68,2023-02-22,23:00:00,75127170.25,1817170064197.7856,87.63999999999942
2023-02-23 00:00:00,24134.39,24239.56,24132.74,24186.92,1880.75,45493361.69,2023-02-23,00:00:00,45491480.94,1097954533437.519,-52.529999999998836
2023-02-23 01:00:00,24183.81,24205.9,24132.64,24134.39,950.76,22978577.5,2023-02-23,01:00:00,22977626.74,555709552330.275,49.42000000000189
2023-02-23 02:00:00,24525.06,24581.12,24180.82,24183.81,5014.02,122379608.81,2023-02-23,02:00:00,122374594.79,3001367248841.779,341.25
2023-02-23 03:00:00,24453.46,24595.08,24443.94,24525.06,2167.48,53156510.28,2023-02-23,03:00:00,53154342.800000004,1299860597871.5688,-71.60000000000218
2023-02-23 04:00:00,24521.85,24522.55,24432.67,24453.46,1254.02,30678468.76,2023-02-23,04:00:00,30677214.740000002,752292809162.406,68.38999999999942
2023-02-23 05:00:00,24393.89,24523.18,24360.53,24521.85,1684.09,41130922.32,2023-02-23,05:00:00,41129238.23,1003343194672.6248,-127.95999999999913
2023-02-23 06:00:00,24392.52,24411.64,24321.9,24393.89,935.76,22807790.76,2023-02-23,06:00:00,22806855.0,556339492269.1152,-1.3699999999989814
2023-02-23 07:00:00,24379.1,24428.14,24374.07,24392.52,1038.36,25338555.68,2023-02-23,07:00:00,25337517.32,617731182778.288,-13.420000000001892
2023-02-23 08:00:00,24410.75,24491.07,24370.82,24379.1,1824.38,44576142.15,2023-02-23,08:00:00,44574317.769999996,1088137061988.1124,31.650000000001455
2023-02-23 09:00:00,24293.47,24465.04,24279.36,24410.75,1603.32,39081760.88,2023-02-23,09:00:00,39080157.56,949431585485.4537,-117.27999999999884
2023-02-23 10:00:00,24252.97,24312.31,24220.3,24293.47,1604.81,38937378.53,2023-02-23,10:00:00,38935773.72,944347073366.7341,-40.5
2023-02-23 11:00:00,23783.3,24268.22,23675.06,24252.97,6792.3,162264822.14,2023-02-23,11:00:00,162258029.83999997,3859192944402.2617,-469.6700000000019
2023-02-23 12:00:00,23916.79,23995.75,23629.29,23783.3,4372.2,104097119.2,2023-02-23,12:00:00,104092747.0,2489668939511.368,133.4900000000016
2023-02-23 13:00:00,24028.39,24212.61,23860.18,23916.79,8012.2,192816705.35,2023-02-23,13:00:00,192808693.15,4633074994664.887,111.59999999999854
2023-02-23 14:00:00,24015.17,24150.41,23924.69,24028.39,5557.47,133613200.32,2023-02-23,14:00:00,133607642.85,3208743719928.854,-13.220000000001164
2023-02-23 15:00:00,23956.66,24058.78,23877.32,24015.17,4117.4,98676752.8,2023-02-23,15:00:00,98672635.39999999,2363965416733.648,-58.5099999999984
2023-02-23 16:00:00,23773.47,23989.65,23771.43,23956.66,4065.23,97138674.35,2023-02-23,16:00:00,97134609.11999999,2309323360499.4946,-183.1899999999987
2023-02-23 17:00:00,23844.28,23980.41,23756.65,23773.47,3355.15,80062764.24,2023-02-23,17:00:00,80059409.08999999,1909038968112.5469,70.80999999999767
2023-02-23 18:00:00,23863.06,23899.92,23750.94,23844.28,2601.51,61977458.26,2023-02-23,18:00:00,61974856.75,1478971805105.8757,18.780000000002474
2023-02-23 19:00:00,23976.66,24045.56,23845.98,23863.06,2499.51,59932528.07,2023-02-23,19:00:00,59930028.56,1436981848474.8462,113.59999999999854
2023-02-23 20:00:00,23935.97,24062.21,23914.01,23976.66,1793.48,43042810.88,2023-02-23,20:00:00,43041017.400000006,1030271429939.3538,-40.68999999999869
2023-02-23 21:00:00,23875.84,24008.73,23875.17,23935.97,1156.24,27684500.11,2023-02-23,21:00:00,27683343.87,660990695106.3424,-60.13000000000102
2023-02-23 22:00:00,23874.23,23899.41,23768.76,23875.84,1905.64,45411753.87,2023-02-23,22:00:00,45409848.23,1084170656595.77,-1.610000000000582
2023-02-23 23:00:00,23941.1,23955.32,23839.47,23874.23,1539.27,36786198.89,2023-02-23,23:00:00,36784659.62,880702066245.3789,66.86999999999898
2023-02-24 00:00:00,23961.61,24012.69,23901.99,23941.1,1403.25,33617239.28,2023-02-24,00:00:00,33615836.03,805523176904.0409,20.510000000002037
2023-02-24 01:00:00,24002.91,24125.33,23960.66,23961.61,2452.18,58989030.42,2023-02-24,01:00:00,58986578.24,1415908388158.5222,41.29999999999927
2023-02-24 02:00:00,23943.44,24023.51,23922.38,24002.91,1324.45,31753178.29,2023-02-24,02:00:00,31751853.84,760280319195.9175,-59.470000000001164
2023-02-24 03:00:00,23952.81,23993.24,23930.49,23943.44,566.97,13588350.99,2023-02-24,03:00:00,13587784.02,325479189476.7819,9.37000000000262
2023-02-24 04:00:00,23949.31,23986.51,23946.87,23952.81,591.32,14172480.1,2023-02-24,04:00:00,14171888.78,339421119383.731,-3.5
2023-02-24 05:00:00,23898.33,23949.31,23867.89,23949.31,1260.93,30134179.52,2023-02-24,05:00:00,30132918.59,720156566448.2017,-50.97999999999956
2023-02-24 06:00:00,23906.62,23908.97,23793.8,23898.33,1673.59,39903507.94,2023-02-24,06:00:00,39901834.349999994,953958000988.5627,8.289999999997235
2023-02-24 07:00:00,23837.56,23906.62,23782.05,23906.62,2170.03,51720785.51,2023-02-24,07:00:00,51718615.48,1232897327841.7556,-69.05999999999767
2023-02-24 08:00:00,23901.3,23967.11,23773.07,23837.56,2619.09,62471300.41,2023-02-24,08:00:00,62468681.31999999,1493145292489.533,63.73999999999796
2023-02-24 09:00:00,23834.81,23927.37,23820.18,23901.3,847.39,20230278.18,2023-02-24,09:00:00,20229430.79,482184836667.4458,-66.48999999999796
2023-02-24 10:00:00,23862.52,23885.66,23791.3,23834.81,779.6,18583488.79,2023-02-24,10:00:00,18582709.189999998,443448872921.15076,27.709999999999127
2023-02-24 11:00:00,23891.19,23894.2,23841.03,23862.52,656.21,15666199.13,2023-02-24,11:00:00,15665542.92,374284139992.6647,28.669999999998254
2023-02-24 12:00:00,23892.72,24017.28,23871.1,23891.19,1630.42,39017442.18,2023-02-24,12:00:00,39015811.76,932232821122.9297,1.5300000000024738
2023-02-24 13:00:00,23791.01,23955.33,23699.57,23892.72,3615.22,86114361.3,2023-02-24,13:00:00,86110746.08,2048747630831.9128,-101.71000000000276
2023-02-24 14:00:00,23821.15,23850.84,23704.1,23791.01,2941.54,69950227.53,2023-02-24,14:00:00,69947285.99,1666294862526.2595,30.140000000003056
2023-02-24 15:00:00,23353.19,23841.7,23341.13,23821.15,10218.44,240667502.47,2023-02-24,15:00:00,240657284.03,5620353912007.379,-467.96000000000276
2023-02-24 16:00:00,23202.78,23355.02,22979.29,23353.19,11576.62,267995949.91,2023-02-24,16:00:00,267984373.29,6218251066652.749,-150.40999999999985
2023-02-24 17:00:00,23075.39,23202.78,23034.82,23202.78,2803.8,64853780.45,2023-02-24,17:00:00,64850976.650000006,1496526276858.1255,-127.38999999999942
2023-02-24 18:00:00,23093.87,23151.42,23028.58,23075.39,2365.89,54643965.42,2023-02-24,18:00:00,54641599.53,1261940633693.9753,18.479999999999563
2023-02-24 19:00:00,23188.19,23190.14,22830.91,23093.87,5633.07,129720380.56,2023-02-24,19:00:00,129714747.49000001,3007980831297.5864,94.31999999999971
2023-02-24 20:00:00,23228.03,23326.51,23159.47,23188.19,5360.84,124585068.39,2023-02-24,20:00:00,124579707.55,2893865706114.9717,39.840000000000146
2023-02-24 21:00:00,23107.72,23232.72,23067.34,23228.03,2267.85,52485902.98,2023-02-24,21:00:00,52483635.129999995,1212829550009.0056,-120.30999999999767
2023-02-24 22:00:00,23113.63,23151.67,22985.13,23107.72,2098.49,48408574.04,2023-02-24,22:00:00,48406475.55,1118897869188.1653,5.9099999999998545
2023-02-24 23:00:00,23189.78,23206.43,23058.51,23113.63,1794.95,41556062.43,2023-02-24,23:00:00,41554267.48,963675945417.9653,76.14999999999782
2023-02-25 00:00:00,23166.39,23201.96,23124.77,23189.78,967.34,22410644.39,2023-02-25,00:00:00,22409677.05,519173728090.0521,-23.389999999999418
2023-02-25 01:00:00,23184.23,23201.93,23140.54,23166.39,520.45,12061407.94,2023-02-25,01:00:00,12060887.49,279634455804.7862,17.840000000000146
2023-02-25 02:00:00,23088.41,23217.24,23056.87,23184.23,1686.8,38978167.01,2023-02-25,02:00:00,38976480.21,899943900975.354,-95.81999999999971
2023-02-25 03:00:00,23078.05,23125.31,23056.22,23088.41,728.81,16828967.95,2023-02-25,03:00:00,16828239.14,388379763798.4975,-10.360000000000582
2023-02-25 04:00:00,23125.64,23125.64,23061.29,23078.05,745.22,17207479.59,2023-02-25,04:00:00,17206734.37,397933978305.68756,47.590000000000146
2023-02-25 05:00:00,23045.24,23125.84,23030.53,23125.64,698.92,16123025.02,2023-02-25,05:00:00,16122326.1,371558981111.9048,-80.39999999999782
2023-02-25 06:00:00,23090.12,23099.51,23044.39,23045.24,517.65,11946897.91,2023-02-25,06:00:00,11946380.26,275855306369.6492,44.87999999999738
2023-02-25 07:00:00,23121.39,23122.36,23077.88,23090.12,463.23,10699011.09,2023-02-25,07:00:00,10698547.86,247376008026.2151,31.270000000000437
2023-02-25 08:00:00,23103.7,23156.23,23102.92,23121.39,607.35,14046708.73,2023-02-25,08:00:00,14046101.38,324530944485.301,-17.68999999999869
2023-02-25 09:00:00,23060.14,23122.02,23020.86,23103.7,1046.6,24136372.91,2023-02-25,09:00:00,24135326.31,556588138396.8074,-43.56000000000131
2023-02-25 10:00:00,22936.49,23064.73,22935.53,23060.14,1264.44,29060968.76,2023-02-25,10:00:00,29059704.32,666556619354.0525,-123.64999999999782
2023-02-25 11:00:00,22984.73,23012.93,22923.66,22936.49,1134.05,26047610.56,2023-02-25,11:00:00,26046476.509999998,598697295866.7488,48.23999999999796
2023-02-25 12:00:00,23014.81,23018.8,22874.21,22984.73,1595.08,36598779.63,2023-02-25,12:00:00,36597184.550000004,842313959416.3204,30.080000000001746
2023-02-25 13:00:00,23004.02,23077.0,22999.72,23014.81,1006.04,23171739.32,2023-02-25,13:00:00,23170733.28,533043154752.0664,-10.790000000000873
2023-02-25 14:00:00,23006.07,23045.99,22987.21,23004.02,794.21,18274164.03,2023-02-25,14:00:00,18273369.82,420416696865.6621,2.0499999999992724
2023-02-25 15:00:00,23009.0,23029.43,22978.17,23006.07,642.06,14769115.78,2023-02-25,15:00:00,14768473.719999999,339822584982.01996,2.930000000000291
2023-02-25 16:00:00,23016.29,23085.25,23003.51,23009.0,1066.94,24589830.87,2023-02-25,16:00:00,24588763.93,565966678354.8723,7.290000000000873
2023-02-25 17:00:00,23045.48,23049.52,23007.6,23016.29,778.28,17922183.51,2023-02-25,17:00:00,17921405.23,413025321636.03485,29.18999999999869
2023-02-25 18:00:00,22983.78,23048.83,22978.43,23045.48,791.21,18204142.76,2023-02-25,18:00:00,18203351.55,418400012284.4328,-61.70000000000073
2023-02-25 19:00:00,22986.08,23016.85,22922.55,22983.78,1167.82,26820914.62,2023-02-25,19:00:00,26819746.8,616507689128.4896,2.3000000000029104
2023-02-25 20:00:00,22921.71,22997.19,22809.89,22986.08,2657.41,60800329.48,2023-02-25,20:00:00,60797672.07,1393647520245.0107,-64.37000000000262
2023-02-25 21:00:00,22944.16,22960.69,22863.96,22921.71,1331.05,30505954.61,2023-02-25,21:00:00,30504623.56,699933503524.5776,22.450000000000728
2023-02-25 22:00:00,23125.11,23160.6,22914.26,22944.16,1435.25,33082929.46,2023-02-25,22:00:00,33081494.21,765046382884.7406,180.95000000000073
2023-02-25 23:00:00,23167.45,23183.34,23111.17,23125.11,1065.24,24662880.14,2023-02-25,23:00:00,24661814.900000002,571376042499.443,42.340000000000146
2023-02-26 00:00:00,23102.5,23168.67,23087.57,23167.45,632.51,14622465.39,2023-02-26,00:00:00,14621832.88,337815506672.47504,-64.95000000000073
2023-02-26 01:00:00,23113.66,23125.82,23079.74,23102.5,453.96,10487767.67,2023-02-26,01:00:00,10487313.709999999,242410696083.3722,11.159999999999854
2023-02-26 02:00:00,23239.14,23244.21,23068.21,23113.66,1156.81,26788125.49,2023-02-26,02:00:00,26786968.68,622532998599.6786,125.47999999999956
2023-02-26 03:00:00,23219.63,23250.58,23196.78,23239.14,916.83,21294654.07,2023-02-26,03:00:00,21293737.240000002,494453988483.3941,-19.5099999999984
2023-02-26 04:00:00,23191.82,23229.36,23164.01,23219.63,536.02,12433966.44,2023-02-26,04:00:00,12433430.42,288366311562.5208,-27.81000000000131
2023-02-26 05:00:00,23138.06,23202.02,23138.06,23191.82,373.49,8655290.83,2023-02-26,05:00:00,8654917.34,200266638541.9898,-53.7599999999984
2023-02-26 06:00:00,23171.53,23172.02,23100.53,23138.06,518.71,12002201.81,2023-02-26,06:00:00,12001683.1,278109379306.4693,33.469999999997526
2023-02-26 07:00:00,23153.83,23202.08,23150.23,23171.53,507.4,11759655.78,2023-02-26,07:00:00,11759148.379999999,272281070788.6374,-17.69999999999709
2023-02-26 08:00:00,23159.72,23174.59,23122.22,23153.83,406.04,9398018.23,2023-02-26,08:00:00,9397612.190000001,217655470761.69562,5.889999999999418
2023-02-26 09:00:00,23277.99,23288.32,23158.62,23159.72,1214.17,28211528.16,2023-02-26,09:00:00,28210313.99,656707670393.1985,118.27000000000044
2023-02-26 10:00:00,23232.36,23280.91,23218.38,23277.99,429.47,9981431.23,2023-02-26,10:00:00,9981001.76,231892203650.6028,-45.63000000000102
2023-02-26 11:00:00,23254.08,23257.5,23210.75,23232.36,398.82,9265889.37,2023-02-26,11:00:00,9265490.549999999,215469732681.1296,21.720000000001164
2023-02-26 12:00:00,23166.09,23278.48,23142.41,23254.08,1111.29,25804330.69,2023-02-26,12:00:00,25803219.400000002,597785447154.3021,-87.9900000000016
2023-02-26 13:00:00,23209.68,23211.35,23148.1,23166.09,452.56,10491830.3,2023-02-26,13:00:00,10491377.74,243512023877.30402,43.590000000000146
2023-02-26 14:00:00,23200.75,23306.33,23192.14,23209.68,1539.19,35783563.75,2023-02-26,14:00:00,35782024.56,830205516672.8125,-8.930000000000291
2023-02-26 15:00:00,23250.45,23250.45,23190.03,23200.75,759.72,17636542.66,2023-02-26,15:00:00,17635782.94,410057553289.197,49.70000000000073
2023-02-26 16:00:00,23186.16,23259.12,23174.98,23250.45,666.62,15472206.65,2023-02-26,16:00:00,15471540.030000001,358741058939.964,-64.29000000000087
2023-02-26 17:00:00,23242.09,23242.19,23148.96,23186.16,677.85,15717647.47,2023-02-26,17:00:00,15716969.620000001,365310977086.0123,55.93000000000029
2023-02-26 18:00:00,23475.91,23526.45,23231.36,23242.09,3685.67,86271766.05,2023-02-26,18:00:00,86268080.38,2025308215330.8555,233.8199999999997
2023-02-26 19:00:00,23511.98,23535.8,23373.81,23475.91,2194.23,51501025.91,2023-02-26,19:00:00,51498831.68,1210891091175.4016,36.06999999999971
2023-02-26 20:00:00,23639.77,23673.78,23470.44,23511.98,2394.28,56480693.44,2023-02-26,20:00:00,56478299.16,1335190602362.109,127.79000000000087
2023-02-26 21:00:00,23558.14,23646.88,23554.0,23639.77,1611.69,38038999.86,2023-02-26,21:00:00,38037388.17,896128084161.8604,-81.63000000000102
2023-02-26 22:00:00,23470.11,23588.8,23332.98,23558.14,2324.72,54480010.67,2023-02-26,22:00:00,54477685.95,1278651843226.0737,-88.02999999999884
2023-02-26 23:00:00,23557.39,23607.85,23461.45,23470.11,2076.77,48887932.4,2023-02-26,23:00:00,48885855.629999995,1151672089840.436,87.27999999999884
2023-02-27 00:00:00,23495.97,23561.92,23462.22,23557.39,1206.8,28360453.17,2023-02-27,00:00:00,28359246.37,666356356868.725,-61.419999999998254
2023-02-27 01:00:00,23551.71,23556.99,23441.66,23495.97,847.69,19908716.46,2023-02-27,01:00:00,19907868.77,468884316538.1466,55.73999999999796
2023-02-27 02:00:00,23560.87,23633.24,23530.52,23551.71,976.53,23020299.77,2023-02-27,02:00:00,23019323.24,542378290241.9999,9.159999999999854
2023-02-27 03:00:00,23553.1,23637.91,23548.16,23560.87,1187.24,28009843.49,2023-02-27,03:00:00,28008656.25,659718644704.319,-7.770000000000437
2023-02-27 04:00:00,23495.93,23555.97,23470.62,23553.1,1014.0,23834250.11,2023-02-27,04:00:00,23833236.11,560007872187.0522,-57.169999999998254
2023-02-27 05:00:00,23388.79,23505.38,23362.64,23495.93,1597.07,37427821.15,2023-02-27,05:00:00,37426224.08,875391449034.9084,-107.13999999999942
2023-02-27 06:00:00,23410.03,23430.57,23377.87,23388.79,748.68,17521642.29,2023-02-27,06:00:00,17520893.61,410182171658.16864,21.239999999997963
2023-02-27 07:00:00,23426.99,23451.39,23407.66,23410.03,678.43,15899813.44,2023-02-27,07:00:00,15899135.01,372484770460.7456,16.960000000002765
2023-02-27 08:00:00,23360.29,23452.36,23350.13,23426.99,963.99,22553666.91,2023-02-27,08:00:00,22552702.92,526860199581.0039,-66.70000000000073
2023-02-27 09:00:00,23393.24,23433.65,23344.35,23360.29,701.08,16395968.31,2023-02-27,09:00:00,16395267.23,383554821708.2244,32.95000000000073
2023-02-27 10:00:00,23382.08,23412.94,23355.6,23393.24,513.68,12012568.36,2023-02-27,10:00:00,12012054.68,280878834398.98883,-11.159999999999854
2023-02-27 11:00:00,23425.68,23445.11,23375.52,23382.08,520.0,12177454.55,2023-02-27,11:00:00,12176934.55,285265153502.844,43.599999999998545
2023-02-27 12:00:00,23397.33,23433.53,23384.93,23425.68,593.19,13884264.2,2023-02-27,12:00:00,13883671.01,324854711294.586,-28.349999999998545
2023-02-27 13:00:00,23706.14,23781.93,23397.33,23397.33,3869.88,91506161.15,2023-02-27,13:00:00,91502291.27000001,2169257867084.4612,308.8099999999977
2023-02-27 14:00:00,23809.83,23826.49,23683.66,23706.14,3729.49,88617408.44,2023-02-27,14:00:00,88613678.95,2109965429996.9653,103.69000000000233
2023-02-27 15:00:00,23542.91,23876.65,23500.4,23809.83,4689.34,111015247.97,2023-02-27,15:00:00,111010558.63,2613621991585.3926,-266.9200000000019
2023-02-27 16:00:00,23403.96,23608.03,23180.94,23542.91,6229.96,145556143.34,2023-02-27,16:00:00,145549913.38,3406590156483.6265,-138.95000000000073
2023-02-27 17:00:00,23338.14,23415.97,23280.52,23403.96,2280.17,53269044.74,2023-02-27,17:00:00,53266764.57,1243200423808.3835,-65.81999999999971
2023-02-27 18:00:00,23280.4,23363.82,23172.2,23338.14,2861.07,66510806.75,2023-02-27,18:00:00,66507945.68,1548398185462.7002,-57.73999999999796
2023-02-27 19:00:00,23284.91,23351.76,23229.87,23280.4,2153.42,50156105.43,2023-02-27,19:00:00,50153952.01,1167880400888.0613,4.509999999998399
2023-02-27 20:00:00,23310.97,23314.09,23144.28,23284.91,3191.31,74119437.03,2023-02-27,20:00:00,74116245.72,1727795973023.2192,26.06000000000131
2023-02-27 21:00:00,23383.91,23391.64,23298.25,23310.97,1282.91,29962759.59,2023-02-27,21:00:00,29961476.68,700646473604.1969,72.93999999999869
2023-02-27 22:00:00,23481.91,23532.77,23366.31,23383.91,1282.84,30065210.61,2023-02-27,22:00:00,30063927.77,705988569675.0651,98.0
2023-02-27 23:00:00,23490.07,23573.02,23451.69,23481.91,1379.29,32422148.54,2023-02-27,23:00:00,32420769.25,761598538754.9978,8.159999999999854
2023-02-28 00:00:00,23422.28,23534.88,23418.52,23490.07,1507.2,35389768.78,2023-02-28,00:00:00,35388261.58,828909073500.4183,-67.79000000000087
2023-02-28 01:00:00,23431.31,23455.96,23356.81,23422.28,958.22,22432199.59,2023-02-28,01:00:00,22431241.37,525615822575.1629,9.030000000002474
2023-02-28 02:00:00,23436.62,23470.34,23391.16,23431.31,633.51,14846098.84,2023-02-28,02:00:00,14845465.33,347942376995.52075,5.309999999997672
2023-02-28 03:00:00,23461.17,23515.29,23436.34,23436.62,692.31,16254162.7,2023-02-28,03:00:00,16253470.389999999,381341674312.35895,24.549999999999272
2023-02-28 04:00:00,23418.47,23465.73,23395.43,23461.17,737.12,17262921.22,2023-02-28,04:00:00,17262184.099999998,404271202702.9334,-42.69999999999709
2023-02-28 05:00:00,23376.95,23444.68,23372.7,23418.47,709.11,16595224.1,2023-02-28,05:00:00,16594514.99,387945724024.495,-41.52000000000044
2023-02-28 06:00:00,23391.72,23410.16,23370.89,23376.95,495.2,11584386.0,2023-02-28,06:00:00,11583890.8,270978713683.92,14.770000000000437
2023-02-28 07:00:00,23235.4,23393.15,23231.54,23391.72,1599.02,37264050.67,2023-02-28,07:00:00,37262451.65,865845122937.7181,-156.3199999999997
2023-02-28 08:00:00,23269.38,23296.81,23211.23,23235.4,988.04,22983191.92,2023-02-28,08:00:00,22982203.880000003,534804626399.40967,33.97999999999956
2023-02-28 09:00:00,23275.47,23316.85,23249.95,23269.38,682.68,15896086.14,2023-02-28,09:00:00,15895403.46,369988876068.98584,6.0900000000001455
2023-02-28 10:00:00,23363.79,23382.4,23258.23,23275.47,737.44,17200197.12,2023-02-28,10:00:00,17199459.68,401861793470.28485,88.31999999999971
2023-02-28 11:00:00,23397.17,23417.81,23342.51,23363.79,897.39,20985961.85,2023-02-28,11:00:00,20985064.46,491012117017.9645,33.37999999999738
2023-02-28 12:00:00,23454.99,23499.88,23394.41,23397.17,1242.22,29138566.94,2023-02-28,12:00:00,29137324.720000003,683444796192.0306,57.82000000000335
2023-02-28 13:00:00,23407.3,23483.49,23379.86,23454.99,1297.47,30377512.31,2023-02-28,13:00:00,30376214.84,711055543893.8629,-47.69000000000233
2023-02-28 14:00:00,23430.6,23566.67,23335.2,23407.3,3082.1,72289122.55,2023-02-28,14:00:00,72286040.45,1693777514820.0298,23.299999999999272
2023-02-28 15:00:00,23523.42,23541.91,23413.87,23430.6,3040.07,71406810.42,2023-02-28,15:00:00,71403770.35000001,1679732392370.0364,92.81999999999971
2023-02-28 16:00:00,23457.06,23596.23,23433.78,23523.42,1657.2,38962538.37,2023-02-28,16:00:00,38960881.169999994,913946600297.3922,-66.35999999999694
2023-02-28 17:00:00,23531.08,23553.74,23453.55,23457.06,1212.67,28505078.54,2023-02-28,17:00:00,28503865.869999997,670755283531.0232,74.02000000000044
2023-02-28 18:00:00,23480.42,23545.71,23444.66,23531.08,1254.85,29477289.85,2023-02-28,18:00:00,29476035.0,692139146139.7369,-50.66000000000349
2023-02-28 19:00:00,23264.2,23488.73,23225.17,23480.42,2458.83,57356090.25,2023-02-28,19:00:00,57353631.42,1334343554794.05,-216.21999999999753
2023-02-28 20:00:00,23285.63,23340.01,23180.37,23264.2,2144.43,49893391.18,2023-02-28,20:00:00,49891246.75,1161799046462.7434,21.43000000000029
2023-02-28 21:00:00,23144.98,23286.01,23039.39,23285.63,3711.81,85899001.32,2023-02-28,21:00:00,85895289.50999999,1988130667571.3733,-140.65000000000146
2023-02-28 22:00:00,23162.92,23239.49,23115.75,23144.98,1592.35,36916879.17,2023-02-28,22:00:00,36915286.82,855102718864.3763,17.93999999999869
2023-02-28 23:00:00,23134.2,23195.49,23110.88,23162.92,1517.18,35122139.47,2023-02-28,23:00:00,35120622.29,812522598926.874,-28.719999999997526
2023-03-01 00:00:00,23101.07,23216.37,23037.24,23134.2,1702.83,39392364.31,2023-03-01,00:00:00,39390661.480000004,910005765390.8118,-33.13000000000102
2023-03-01 01:00:00,23251.54,23292.66,23088.7,23101.07,1563.24,36261096.89,2023-03-01,01:00:00,36259533.65,843126344781.7107,150.47000000000116
2023-03-01 02:00:00,23331.39,23332.15,23243.47,23251.54,808.86,18831437.31,2023-03-01,02:00:00,18830628.45,439363608140.1608,79.84999999999854
2023-03-01 03:00:00,23443.66,23492.11,23314.56,23331.39,2418.51,56644868.46,2023-03-01,03:00:00,56642449.95,1327963036920.9636,112.27000000000044
2023-03-01 04:00:00,23797.25,23828.16,23435.62,23443.66,2699.83,63799629.63,2023-03-01,04:00:00,63796929.800000004,1518255736212.5176,353.59000000000015
2023-03-01 05:00:00,23694.05,23817.42,23644.05,23797.25,2041.83,48409691.63,2023-03-01,05:00:00,48407649.800000004,1147021653965.8015,-103.20000000000073
2023-03-01 06:00:00,23757.6,23794.33,23673.86,23694.05,1716.9,40757244.18,2023-03-01,06:00:00,40755527.28,968294304330.768,63.54999999999927
2023-03-01 07:00:00,23717.75,23761.03,23699.76,23757.6,1116.5,26496095.14,2023-03-01,07:00:00,26494978.64,628427760506.735,-39.849999999998545
2023-03-01 08:00:00,23872.97,23962.77,23689.03,23717.75,2680.31,63856660.34,2023-03-01,08:00:00,63853980.03,1524448136597.01,155.22000000000116
2023-03-01 09:00:00,23757.25,23901.73,23733.78,23872.97,1986.36,47284815.88,2023-03-01,09:00:00,47282829.52,1123357192065.1301,-115.72000000000116
2023-03-01 10:00:00,23780.72,23783.53,23682.51,23757.25,1055.22,25047459.62,2023-03-01,10:00:00,25046404.400000002,595646623934.5265,23.470000000001164
2023-03-01 11:00:00,23737.91,23785.72,23708.45,23780.72,833.18,19788537.82,2023-03-01,11:00:00,19787704.64,469738529802.7562,-42.81000000000131
2023-03-01 12:00:00,23727.17,23818.23,23707.03,23737.91,1370.44,32559205.87,2023-03-01,12:00:00,32557835.43,772537812742.4879,-10.7400000000016
2023-03-01 13:00:00,23696.92,23733.19,23623.54,23727.17,2161.91,51192886.17,2023-03-01,13:00:00,51190724.260000005,1213113728139.5964,-30.25
2023-03-01 14:00:00,23682.85,23877.12,23601.86,23696.92,3741.63,88770932.86,2023-03-01,14:00:00,88767191.23,2102348687283.451,-14.069999999999709
2023-03-01 15:00:00,23719.01,23766.94,23585.76,23682.85,3445.91,81596860.41,2023-03-01,15:00:00,81593414.5,1935396748033.3938,36.159999999999854
2023-03-01 16:00:00,23703.17,23742.02,23566.93,23719.01,2327.7,55050820.88,2023-03-01,16:00:00,55048493.18,1304878965958.1895,-15.840000000000146
2023-03-01 17:00:00,23711.4,23742.76,23681.04,23703.17,1571.14,37260081.97,2023-03-01,17:00:00,37258510.83,883488707623.458,8.230000000003201
2023-03-01 18:00:00,23695.71,23721.97,23656.06,23711.4,935.91,22173268.48,2023-03-01,18:00:00,22172332.57,525411339654.22076,-15.690000000002328
2023-03-01 19:00:00,23357.31,23696.45,23344.32,23695.71,2806.96,66056387.0,2023-03-01,19:00:00,66053580.04,1542899508638.97,-338.3999999999978
2023-03-01 20:00:00,23413.48,23469.26,23316.56,23357.31,2040.83,47779381.2,2023-03-01,20:00:00,47777340.370000005,1118681586138.576,56.169999999998254
2023-03-01 21:00:00,23560.6,23584.92,23378.87,23413.48,1665.66,39125008.54,2023-03-01,21:00:00,39123342.88,921808676207.5239,147.11999999999898
2023-03-01 22:00:00,23537.5,23571.52,23452.88,23560.6,1155.0,27153562.89,2023-03-01,22:00:00,27152407.89,639126986523.375,-23.099999999998545
2023-03-01 23:00:00,23641.2,23667.62,23512.12,23537.5,1440.08,33980756.96,2023-03-01,23:00:00,33979316.88,803345871442.7521,103.70000000000073
2023-03-02 00:00:00,23609.93,23788.72,23605.41,23641.2,2392.95,56712098.73,2023-03-02,00:00:00,56709705.779999994,1338968681168.389,-31.270000000000437
2023-03-02 01:00:00,23517.36,23636.31,23461.26,23609.93,1591.77,37493855.45,2023-03-02,01:00:00,37492263.68,881756496405.612,-92.56999999999971
2023-03-02 02:00:00,23499.22,23544.06,23462.59,23517.36,1075.13,25272248.64,2023-03-02,02:00:00,25271173.51,593878130686.0608,-18.139999999999418
2023-03-02 03:00:00,23500.1,23511.68,23436.2,23499.22,860.37,20204469.32,2023-03-02,03:00:00,20203608.95,474807049466.932,0.8799999999973807
2023-03-02 04:00:00,23540.86,23543.59,23476.89,23500.1,468.2,11005319.93,2023-03-02,04:00:00,11004851.73,259074695727.3398,40.76000000000204
2023-03-02 05:00:00,23447.29,23544.02,23425.93,23540.86,675.5,15856765.52,2023-03-02,05:00:00,15856090.02,371798179609.4408,-93.56999999999971
2023-03-02 06:00:00,23443.82,23475.44,23393.14,23447.29,1059.69,24839513.99,2023-03-02,06:00:00,24838454.299999997,582333094869.0417,-3.470000000001164
2023-03-02 07:00:00,23394.57,23447.68,23351.34,23443.82,1259.88,29472723.74,2023-03-02,07:00:00,29471463.86,689501698626.0918,-49.25
2023-03-02 08:00:00,23446.02,23461.86,23359.98,23394.57,1016.04,23790684.3,2023-03-02,08:00:00,23789668.26,557796859911.4861,51.45000000000073
2023-03-02 09:00:00,23404.79,23463.39,23399.3,23446.02,714.48,16745565.23,2023-03-02,09:00:00,16744850.75,391926437639.4517,-41.22999999999956
2023-03-02 10:00:00,23378.19,23418.54,23347.87,23404.79,886.85,20742019.64,2023-03-02,10:00:00,20741132.79,484910876127.6516,-26.600000000002183
2023-03-02 11:00:00,23417.18,23427.15,23366.6,23378.19,693.28,16219593.3,2023-03-02,11:00:00,16218900.020000001,379817135832.89404,38.9900000000016
2023-03-02 12:00:00,23354.56,23431.93,23331.16,23417.18,999.21,23349920.83,2023-03-02,12:00:00,23348921.619999997,545327127019.4848,-62.61999999999898
2023-03-02 13:00:00,23303.79,23402.34,23286.25,23354.56,2553.5,59602558.25,2023-03-02,13:00:00,59600004.75,1388965500920.7676,-50.77000000000044
2023-03-02 14:00:00,23312.43,23345.26,23212.33,23303.79,3244.29,75529481.68,2023-03-02,14:00:00,75526237.39,1760775754601.2825,8.639999999999418
2023-03-02 15:00:00,23370.08,23377.31,23287.11,23312.43,2126.23,49629271.06,2023-03-02,15:00:00,49627144.830000006,1159840035013.885,57.650000000001455
2023-03-02 16:00:00,23280.6,23383.4,23264.92,23370.08,1605.39,37441086.12,2023-03-02,16:00:00,37439480.73,871650949525.2719,-89.4800000000032
2023-03-02 17:00:00,23272.15,23313.76,23239.71,23280.6,1559.42,36293069.87,2023-03-02,17:00:00,36291510.449999996,844617765975.1205,-8.44999999999709
2023-03-02 18:00:00,23447.51,23451.74,23264.11,23272.15,1856.63,43385123.01,2023-03-02,18:00:00,43383266.379999995,1017273105628.205,175.35999999999694
2023-03-02 19:00:00,23466.97,23498.39,23398.56,23447.51,2265.9,53160127.5,2023-03-02,19:00:00,53157861.6,1247507117238.675,19.460000000002765
2023-03-02 20:00:00,23464.08,23561.8,23433.48,23466.97,2439.28,57296998.05,2023-03-02,20:00:00,57294558.769999996,1344421346005.044,-2.889999999999418
2023-03-02 21:00:00,23420.65,23470.92,23397.59,23464.08,971.17,22762722.39,2023-03-02,21:00:00,22761751.22,533117754143.3536,-43.43000000000029
2023-03-02 22:00:00,23470.84,23552.21,23415.36,23420.65,1260.94,29628288.49,2023-03-02,22:00:00,29627027.549999997,695400818622.6316,50.18999999999869
2023-03-02 23:00:00,23467.22,23503.18,23439.29,23470.84,1123.83,26377568.61,2023-03-02,23:00:00,26376444.78,619008205635.9642,-3.6199999999989814
2023-03-03 00:00:00,23422.33,23476.96,23410.91,23467.22,903.23,21170709.28,2023-03-03,00:00:00,21169806.05,495867339090.2225,-44.88999999999942
2023-03-03 01:00:00,22248.74,23423.18,22147.42,23422.33,14309.04,322487887.99,2023-03-03,01:00:00,322473578.95,7174949173038.634,-1173.5900000000001
2023-03-03 02:00:00,22379.97,22458.14,22212.74,22248.74,4998.11,111638984.98,2023-03-03,02:00:00,111633986.87,2498477134682.8506,131.22999999999956
2023-03-03 03:00:00,22348.17,22412.31,22324.02,22379.97,2835.0,63382010.4,2023-03-03,03:00:00,63379175.4,1416471943360.9678,-31.80000000000291
2023-03-03 04:00:00,22394.38,22402.45,22301.37,22348.17,2194.59,49019593.12,2023-03-03,04:00:00,49017398.529999994,1097763395774.6656,46.210000000002765
2023-03-03 05:00:00,22358.51,22421.4,22349.87,22394.38,1904.66,42638442.67,2023-03-03,05:00:00,42636538.010000005,953332046821.6217,-35.87000000000262
2023-03-03 06:00:00,22392.05,22411.82,22344.79,22358.51,1232.03,27577314.98,2023-03-03,06:00:00,27576082.95,617512615897.9089,33.54000000000087
2023-03-03 07:00:00,22374.33,22409.88,22349.91,22392.05,1436.81,32152906.25,2023-03-03,07:00:00,32151469.44,719399734896.5625,-17.719999999997526
2023-03-03 08:00:00,22441.15,22453.56,22371.93,22374.33,1181.77,26467240.24,2023-03-03,08:00:00,26466058.47,593955308311.876,66.81999999999971
2023-03-03 09:00:00,22377.23,22478.81,22365.89,22441.15,1411.13,31621620.8,2023-03-03,09:00:00,31620209.67,707604281614.384,-63.92000000000189
2023-03-03 10:00:00,22363.62,22396.66,22356.28,22377.23,900.84,20150745.09,2023-03-03,10:00:00,20149844.25,450643605909.6258,-13.610000000000582
2023-03-03 11:00:00,22353.64,22372.1,22326.85,22363.62,1016.6,22723968.74,2023-03-03,11:00:00,22722952.139999997,507963416585.21356,-9.979999999999563
2023-03-03 12:00:00,22354.46,22373.95,22335.29,22353.64,1938.48,43321603.88,2023-03-03,12:00:00,43319665.400000006,968431061071.3048,0.819999999999709
2023-03-03 13:00:00,22412.67,22422.63,22216.58,22354.46,3823.22,85377318.81,2023-03-03,13:00:00,85373495.59,1913533671973.3225,58.20999999999913
2023-03-03 14:00:00,22389.82,22473.49,22372.88,22412.67,2949.09,66087341.01,2023-03-03,14:00:00,66084391.919999994,1479683669492.518,-22.849999999998545
2023-03-03 15:00:00,22340.74,22415.64,22286.76,22389.82,3184.66,71181941.49,2023-03-03,15:00:00,71178756.83,1590257247523.3025,-49.07999999999811
2023-03-03 16:00:00,22381.94,22384.6,22329.66,22340.74,1347.71,30127063.38,2023-03-03,16:00:00,30125715.669999998,674302124947.3572,41.19999999999709
2023-03-03 17:00:00,22420.46,22446.93,22379.32,22381.94,1390.2,31163600.71,2023-03-03,17:00:00,31162210.51,698702263174.5266,38.52000000000044
2023-03-03 18:00:00,22318.9,22423.17,22269.28,22420.46,2558.2,57157624.06,2023-03-03,18:00:00,57155065.86,1275695295632.7341,-101.55999999999767
2023-03-03 19:00:00,22363.32,22392.62,22301.87,22318.9,1338.58,29902807.8,2023-03-03,19:00:00,29901469.220000003,668726059729.896,44.419999999998254
2023-03-03 20:00:00,22310.61,22379.47,22290.72,22363.32,1266.93,28301956.07,2023-03-03,20:00:00,28300689.14,631433904114.9027,-52.70999999999913
2023-03-03 21:00:00,22245.08,22316.44,22169.76,22310.61,3029.71,67429614.73,2023-03-03,21:00:00,67426585.02000001,1499977174038.0286,-65.52999999999884
2023-03-03 22:00:00,22329.37,22338.33,22236.64,22245.08,901.31,20090445.9,2023-03-03,22:00:00,20089544.59,448606999966.08295,84.28999999999724
2023-03-03 23:00:00,22361.45,22378.77,22323.48,22329.37,1167.9,26105132.8,2023-03-03,23:00:00,26103964.900000002,583748621850.56,32.080000000001746
2023-03-04 00:00:00,22375.48,22393.89,22338.42,22361.45,840.98,18807722.51,2023-03-04,00:00:00,18806881.53,420831818868.0548,14.029999999998836
2023-03-04 01:00:00,22349.19,22395.8,22347.09,22375.48,645.98,14453267.92,2023-03-04,01:00:00,14452621.94,323018830864.9848,-26.290000000000873
2023-03-04 02:00:00,22350.69,22361.11,22342.05,22349.19,298.33,6667930.62,2023-03-04,02:00:00,6667632.29,149032850229.1278,1.5
2023-03-04 03:00:00,22355.39,22357.81,22334.97,22350.69,336.93,7529494.77,2023-03-04,03:00:00,7529157.84,168324792086.31027,4.700000000000728
2023-03-04 04:00:00,22346.4,22371.92,22337.39,22355.39,406.91,9094724.99,2023-03-04,04:00:00,9094318.08,203234362516.536,-8.989999999997963
2023-03-04 05:00:00,22333.21,22351.19,22285.52,22346.4,438.39,9787088.66,2023-03-04,05:00:00,9786650.27,218577106332.3986,-13.190000000002328
2023-03-04 06:00:00,22375.55,22410.72,22325.62,22333.21,742.15,16611567.25,2023-03-04,06:00:00,16610825.1,371692953580.7375,42.340000000000146
2023-03-04 07:00:00,22367.93,22381.99,22361.38,22375.55,398.72,8920571.45,2023-03-04,07:00:00,8920172.729999999,199534717753.59848,-7.619999999998981
2023-03-04 08:00:00,22348.85,22369.06,22342.13,22367.93,319.78,7148146.0,2023-03-04,08:00:00,7147826.22,159752842732.09998,-19.080000000001746
2023-03-04 09:00:00,22357.79,22378.69,22347.54,22348.85,336.91,7534134.67,2023-03-04,09:00:00,7533797.76,168446600783.5793,8.940000000002328
2023-03-04 10:00:00,22342.96,22364.31,22335.71,22357.79,217.76,4866988.76,2023-03-04,10:00:00,4866771.0,108742935185.1296,-14.830000000001746
2023-03-04 11:00:00,22354.87,22362.26,22341.95,22342.96,231.74,5180054.23,2023-03-04,11:00:00,5179822.49,115799438904.6001,11.909999999999854
2023-03-04 12:00:00,22393.14,22398.65,22348.46,22354.87,435.63,9746183.01,2023-03-04,12:00:00,9745747.379999999,218247640608.5514,38.27000000000044
2023-03-04 13:00:00,22366.85,22393.62,22366.39,22393.14,268.13,5998895.87,2023-03-04,13:00:00,5998627.74,134176404089.9095,-26.290000000000873
2023-03-04 14:00:00,22350.81,22371.55,22342.93,22366.85,387.25,8656757.53,2023-03-04,14:00:00,8656370.28,193485542769.0993,-16.039999999997235
2023-03-04 15:00:00,22324.08,22357.27,22322.06,22350.81,585.33,13073832.34,2023-03-04,15:00:00,13073247.01,291861279064.7472,-26.729999999999563
2023-03-04 16:00:00,22334.31,22344.81,22303.17,22324.08,364.48,8137356.99,2023-03-04,16:00:00,8136992.51,181742253595.3269,10.229999999999563
2023-03-04 17:00:00,22317.08,22340.44,22315.71,22334.31,278.72,6221783.54,2023-03-04,17:00:00,6221504.82,138852041004.86322,-17.229999999999563
2023-03-04 18:00:00,22328.39,22334.88,22270.71,22317.08,454.57,10139931.3,2023-03-04,18:00:00,10139476.73,226408340639.60703,11.309999999997672
2023-03-04 19:00:00,22255.67,22332.16,22245.35,22328.39,577.83,12874950.06,2023-03-04,19:00:00,12874372.23,286540639801.8402,-72.72000000000116
2023-03-04 20:00:00,22255.18,22270.79,22198.72,22255.67,825.38,18350410.22,2023-03-04,20:00:00,18349584.84,408391682519.9396,-0.48999999999796273
2023-03-04 21:00:00,22219.58,22259.0,22179.49,22255.18,1001.86,22263727.15,2023-03-04,21:00:00,22262725.29,494690666507.597,-35.599999999998545
2023-03-04 22:00:00,22311.46,22356.58,22214.95,22219.58,950.55,21202449.29,2023-03-04,22:00:00,21201498.74,473057599235.86334,91.87999999999738
2023-03-04 23:00:00,22351.08,22352.28,22302.56,22311.46,476.12,10632637.83,2023-03-04,23:00:00,10632161.71,237650938749.3564,39.62000000000262
2023-03-05 00:00:00,22384.27,22389.19,22325.18,22351.08,630.16,14085720.25,2023-03-05,00:00:00,14085090.09,315298565220.4675,33.18999999999869
2023-03-05 01:00:00,22583.88,22632.51,22359.31,22384.27,3154.18,71134046.99,2023-03-05,01:00:00,71130892.80999999,1606482781136.5212,199.61000000000058
2023-03-05 02:00:00,22369.35,22608.54,22240.41,22583.88,2414.58,54067633.06,2023-03-05,02:00:00,54065218.480000004,1209457807590.711,-214.53000000000247
2023-03-05 03:00:00,22395.92,22438.25,22369.19,22369.35,998.86,22385981.71,2023-03-05,03:00:00,22384982.85,501354655498.62317,26.56999999999971
2023-03-05 04:00:00,22452.81,22469.18,22389.23,22395.92,976.53,21916034.19,2023-03-05,04:00:00,21915057.66,492076551621.574,56.890000000003056
2023-03-05 05:00:00,22427.35,22453.27,22409.07,22452.81,404.1,9062741.18,2023-03-05,05:00:00,9062337.08,203253268403.27298,-25.460000000002765
2023-03-05 06:00:00,22425.4,22429.76,22412.08,22427.35,328.5,7364533.87,2023-03-05,06:00:00,7364205.37,165152617848.298,-1.9499999999970896
2023-03-05 07:00:00,22383.44,22426.6,22377.7,22425.4,531.88,11911615.85,2023-03-05,07:00:00,11911083.969999999,266622938681.524,-41.960000000002765
2023-03-05 08:00:00,22347.2,22403.28,22340.65,22383.44,508.84,11382140.69,2023-03-05,08:00:00,11381631.85,254358974427.568,-36.23999999999796
2023-03-05 09:00:00,22376.81,22399.88,22332.39,22347.2,643.25,14391469.64,2023-03-05,09:00:00,14390826.39,322035181755.04846,29.610000000000582
2023-03-05 10:00:00,22419.52,22448.14,22373.72,22376.81,650.47,14579094.6,2023-03-05,10:00:00,14578444.129999999,326856302966.592,42.70999999999913
2023-03-05 11:00:00,22402.9,22427.48,22393.81,22419.52,346.1,7755864.76,2023-03-05,11:00:00,7755518.66,173753862631.80402,-16.61999999999898
2023-03-05 12:00:00,22428.99,22437.73,22399.91,22402.9,377.26,8456041.05,2023-03-05,12:00:00,8455663.790000001,189660460150.03952,26.090000000000146
2023-03-05 13:00:00,22472.3,22489.33,22428.82,22428.99,955.3,21458342.18,2023-03-05,13:00:00,21457386.88,482218302971.61395,43.30999999999767
